Soil Moisture,Temperature,Rainfall,Evapotranspiration,Solar_Radiation,Humidity,Hectares,Yied_Hectare_(M.Ton),Total_Production(M.Ton)
0.492618691,28.61491188,662.3804074,26.44061768,"16,858.91",74,45993,3.748,172397
0.539738967,27.9867685,1012.212692,49.05915345,"14,000.40",69,3227,2.991,9650
0.476485565,28.57845238,618.8805983,28.54096979,"17,636.66",70,266,3.048,812
0.51040819,28.0919292,944.4573975,32.14889419,"17,078.61",74,60761,3.975,241504
0.482838057,26.87129638,1125.9199,35.35268101,"17,828.20",75,55160,3.668,202302
0.489713137,26.61268367,1123.022409,27.45878921,"16,369.80",71,184022,3.969,730444
0.501493332,26.70949151,1602.512677,29.37152199,"16,361.14",78,106888,3.59,383781
0.507700778,27.892195,915.9285821,29.19821084,"16,714.14",72,65296,3.578,233621
0.489253862,28.06737295,1200.323513,39.43189441,"16,904.46",77,50517,3.927,198404
0.547675506,28.11228545,1016.228173,43.58724348,"16,260.91",73,67135,3.745,251413
0.510235927,,738.6990161,32.35746643,"17,267.98",74,39200,3.801,149013
0.511405402,28.96904762,569.982861,27.51581373,"16,374.34",72,49465,3.426,169475
0.499381764,27.92853876,590.7372177,39.14344547,"14,571.25",81,159879,3.974,635359
0.495221523,29.41157607,685.5545674,30.54708788,"17,002.57",83,47415,4.021,190646
0.480351199,29.3045963,714.9166111,23.65548543,"15,976.40",73,172213,4.045,696519
0.504466532,28.71574824,1081.965872,35.53199061,"17,046.72",82,32257,4.513,145573
0.511404762,29.63869403,1089.677339,27.82785791,"16,536.42",83,33186,3.667,121705
0.48972457,29.27813852,628.8027968,24.80391368,"16,197.99",84,117761,4.075,479831
0.529079879,,597.9886067,27.80321469,"16,657.27",83,59748,3.971,237235
0.523361961,28.88247658,615.7806496,33.66621446,"16,824.34",86,76787,4.66,357827
0.500977654,28.00120623,566.6550284,31.82782485,"15,903.99",82,102292,3.387,346431
0.498223333,26.37365083,913.3861685,30.33320841,"15,973.78",79,125775,4.207,529119
0.507588629,28.9052541,733.5205164,33.01851007,"16,957.34",83,154463,4.175,644883
0.510981596,28.11895663,609.1281658,30.50698529,"17,091.12",82,9070,3.323,30140
0.490018301,29.936,655.3860334,31.4758552,"17,188.54",82,88049,4.143,364832
0.525329423,29.93735945,632.6331775,20.36820545,"16,429.01",80,70618,4.394,310277
0.595103208,29.95037222,944.6138705,46.66840026,"16,231.85",80,10272,3.244,33326
0.502032031,27.88048454,617.4372086,30.54226665,"16,603.73",78,46571,3.695,172067
0.466563825,26.1664653,571.5767832,31.69753883,"15,642.55",85,168861,4.186,706897
0.474905011,28.26277713,1155.169589,33.67150201,"15,682.77",81,93182,4.225,393726
0.501661985,28.7013263,616.9808639,36.27620379,"17,132.90",83,35845,4.306,154365
0.4998626,26.99472285,651.3431718,36.29691761,"17,165.35",82,30044,4.057,121888
0.488929041,29.44714991,1065.396092,32.31797763,"15,157.42",85,53379,4.091,218393
0.51483992,28.23889781,775.9802593,35.66255101,"16,963.54",82,40566,4.143,168079
0.513934833,29.63704453,563.4749041,32.85079278,"17,089.79",78,37145,3.727,138430
0.496942002,27.45454123,563.5286991,33.26076403,"16,992.64",83,60005,4.25,255036
0.531631386,29.93099292,539.8150379,34.92531357,"16,179.98",82,46755,2.908,135954
0.504132877,,555.0011546,29.11205323,"17,255.33",85,22375,4.299,96182
0.479839203,29.402439,556.9954301,34.16897693,"16,923.97",77,24598,3.941,96940
0.506448857,,588.75032,26.52253061,"15,536.18",81,262040,3.572,936015
0.495818471,28.15555843,572.4639013,26.50611855,"16,608.76",77,192928,4.21,812180
0.496185715,27.734159,593.4060836,33.49379347,"16,875.06",83,35259,4.169,146990
0.479376438,27.54780822,563.0313631,33.01274266,"16,760.34",82,53805,4.239,228106
0.534760643,26.64317422,559.606437,42.30406603,"16,460.46",84,29712,4.008,119076
0.512747154,,766.160395,28.73282166,"16,825.44",84,58030,4.259,247123
0.494189019,26.74470991,792.0060746,21.9537479,"14,233.44",86,166981,4.305,718844
0.454411462,28.93720263,1435.95493,30.70419222,"15,208.50",74,81257,3.928,319184
0.503686743,28.10431995,1343.220426,37.0811412,"17,291.05",76,58581,3.968,232473
0.506394599,27.51052845,745.1910843,34.70048826,"16,994.95",82,70605,4.224,298244
0.459099434,29.15464377,765.0237568,32.75155877,"14,492.31",79,42968,3.982,171096
0.483621495,30.15788165,652.5778504,30.35759524,"17,883.93",77,3140,2.467,7746
0.504262698,27.94157112,673.3147754,33.57789642,"16,903.88",74,19225,3.161,60771
0.494882163,25.60127364,606.4360742,34.18732565,"17,085.77",80,17100,4.095,70019
0.510156357,27.97872874,627.5511281,34.74408405,"16,867.22",68,74714,4.053,302834
0.572765142,28.18959832,647.5891789,58.47413392,"15,874.91",84,4788,3.472,16623
0.479305092,29.77258541,750.4090756,23.24371056,"16,058.78",79,132230,4.066,537696
0.515170167,28.07668086,704.646676,30.13724302,"16,547.02",78,72361,3.735,270255
0.506984235,25.92399263,875.3204742,39.79128064,"16,961.79",78,27762,4.171,115806
0.508670659,,990.9968103,25.09722372,"15,729.96",83,87491,3.96,346450
0.51918994,27.19207051,1020.370537,27.31512016,"16,645.34",78,137424,4.157,571337
0.455927477,27.94688151,886.8830641,25.61032576,"13,433.72",77,190525,3.367,641455
0.547549454,30.58983227,1061.901908,37.81699999,"14,209.13",81,67693,3.048,206323
0.497054832,26.1092495,835.0095142,26.79180713,"16,488.86",81,163636,4.024,658469
0.458388417,28.72399282,824.7184235,30.31438534,"15,445.08",79,62759,3.483,218564
0.50996592,29.07987684,650.2758382,35.72578431,"16,316.66",77,47494,3.752,178203
0.551971537,28.20639872,867.6037882,56.35178597,"15,192.53",77,3545,2.996,10621
0.516041917,31.4621877,672.2130526,39.3440352,"16,413.24",71,436,2.93,1277
0.495660598,29.20284666,868.305992,34.82493581,"16,143.13",81,60721,3.737,226889
0.477398542,26.89314079,1259.633668,35.27942928,"16,566.65",78,53015,3.228,171108
0.452210845,25.85466756,952.0379095,22.32482826,"16,363.28",79,186797,4.047,756044
0.49612241,24.86849322,1425.91892,27.84485749,"15,649.60",80,107322,3.766,404163
0.504206333,27.68737594,770.1386197,35.96089328,"15,857.33",84,64231,3.274,210305
0.503807177,29.5031687,912.768281,36.18605698,"17,297.28",68,50718,3.881,196834
0.530666825,,846.6932814,44.30281993,"16,475.40",72,63438,3.37,213771
0.49631351,28.93,776.719977,30.18717997,"17,076.28",72,41159,3.653,150362
0.518121636,26.90168235,647.1014959,29.21863034,"15,577.20",71,49896,3.551,177172
0.53200057,27.87580089,529.6212607,51.19772121,"15,500.89",75,160767,3.829,615555
0.502739375,29.25851064,580.3932435,36.67065905,"16,415.51",65,47115,4.257,200561
0.48848981,29.09285714,592.2121256,21.99824731,"16,118.36",71,174484,4.114,717878
0.514446836,27.04359122,788.9834591,32.41841727,"16,603.29",69,32361,4.318,139741
0.486546599,,802.6462118,33.90680333,"16,098.57",73,33163,3.663,121469
0.474335301,26.25353649,460.3155737,24.85614933,"16,147.70",70,119707,4.051,484925
0.506803414,,490.849312,26.29641187,"16,039.84",72,60471,3.773,228161
0.525986795,30.46052147,431.2995554,34.3040055,"16,314.49",67,77075,4.582,353127
0.503710643,29.47878875,559.7007195,29.52807051,"15,377.82",75,102563,3.267,335085
0.487236651,25.68949728,568.422068,26.612472,"15,811.40",81,128742,3.937,506840
0.508855058,28.50848485,634.0899558,31.84416488,"16,880.05",79,158817,4.118,654035
0.51902694,29.86832041,561.8457172,31.39921019,"16,062.75",82,11207,3.995,44774
0.491008034,27.82005283,447.4262436,30.80697355,"16,980.76",82,87535,4.169,364891
0.474445772,,536.656828,19.0295523,"16,563.64",81,68981,4.539,313100
0.549476258,28.79113601,718.2096052,41.21169946,"16,328.85",78,10230,3.343,34202
0.505207917,29.06549683,502.2570707,29.37583838,"16,499.33",79,49204,4.039,198721
0.450714214,25.69925893,441.5721544,26.82839176,"15,193.61",76,166385,4.049,673689
0.475237728,27.22552772,1094.959667,33.43030931,"15,698.35",83,96923,4.235,410475
0.511507816,26.70106533,467.3330739,30.14171217,"17,008.28",82,35222,4.053,142749
0.512239173,28.44667169,581.1035159,34.28113572,"16,229.94",83,27641,4.144,114550
0.476556772,29.36866667,714.4442264,26.45301975,"15,057.58",83,53274,4.086,217658
0.508777324,29.55949186,505.3096907,41.70349714,"16,346.70",86,40456,4.065,164460
0.525810913,28.75,651.9492384,29.37077877,"16,772.46",77,39111,3.942,154191
0.514791043,27.5065823,532.3577101,34.8501786,"16,536.63",74,59235,4.33,256514
0.51840508,28.25319589,587.4976182,38.68435877,"15,671.06",79,47776,3.07,146683
0.507125791,,518.2146952,28.61055236,"17,113.58",78,21791,3.986,86868
0.528159295,28.36792678,681.1044286,52.66358597,"16,262.22",76,24792,4.037,100077
0.484517171,31.60660725,435.9813098,22.88764198,"15,199.19",72,261809,4.111,1076409
0.467872183,27.88784804,482.0360202,25.56934644,"16,904.57",75,192651,4.482,863446
0.535233664,29.05369324,462.4621485,33.48732071,"16,537.16",72,34586,3.511,121433
0.533501255,28.28074879,542.8781187,40.79527783,"16,055.81",79,53729,3.831,205812
0.52054095,26.16154749,718.5385421,32.74871371,"15,793.20",78,27971,4.204,117576
0.482628293,26.27081325,842.6529734,24.62903454,"16,861.86",79,56643,4.406,249564
0.493368227,28.74551952,987.1671873,26.87889208,"14,100.49",77,174816,4.049,707864
0.484453845,29.21446686,1702.641505,22.32140206,"15,130.56",84,82697,4.012,331808
0.509135927,28.93634573,1610.285315,35.40411885,"16,489.32",66,61832,4.199,259655
0.508967439,28.37209578,444.6621571,28.73274305,"16,813.97",70,70310,4.191,294646
0.473456186,32.33391903,453.0345817,21.91236718,"14,297.62",73,40194,3.807,153027
0.498867659,29.46583383,389.4167007,34.32149205,"16,551.10",76,2706,2.357,6380
0.513483053,28.67678235,425.2879306,42.74977642,"16,050.78",74,19650,3.596,70659
0.511910611,26.08205195,402.9444757,27.47185509,"16,757.65",68,16597,4.125,68464
0.483552025,28.32528219,429.0459583,31.3045542,"17,097.59",72,73136,3.915,286350
0.553895496,28.12918413,384.8842346,45.75120866,"16,294.37",69,7591,4.035,30629
0.484818573,,475.0071774,26.51037918,"16,020.27",73,134163,4.266,572403
0.506311358,28.36374412,586.347042,32.3409681,"16,777.19",67,75335,3.814,287338
0.520426316,28.65574093,533.2506059,57.45491822,"16,228.55",73,29366,4.294,126113
0.509251026,28.43,690.9991104,25.52683251,"15,587.71",67,87082,4.058,353366
0.495647118,28.0686086,808.7017748,29.29431307,"16,459.75",70,138551,4.112,569665
0.488310198,26.89904227,814.1940985,35.10728965,"13,562.63",66,186282,3.488,649668
0.523138364,28.19309245,923.5310568,35.89696214,"14,504.62",65,69117,2.891,199832
0.473965793,28.3339815,572.4037807,25.65584217,"16,089.27",72,166177,4.107,682506
0.49207582,30.186,818.682974,21.07954751,"15,599.89",70,63516,3.855,244862
0.533522795,27.4630144,771.3042271,32.35316696,"16,042.65",68,49019,3.894,190876
0.566814106,28.43096735,1128.580856,57.44723181,"14,598.91",62,4443,3.338,14829
0.510243546,28.24581056,756.0154182,41.52211784,"16,265.06",68,294,2.896,851
0.501983328,27.494004,1046.449334,38.89691989,"16,320.20",59,56666,3.592,203562
0.486721283,24.55332232,1145.519515,35.73154913,"16,713.32",76,56377,3.083,173804
0.498937906,26.43070784,1226.688659,29.92073615,"15,657.50",72,190138,3.621,688437
0.494168848,28.34811608,1510.15826,32.80622746,"16,080.93",71,108628,3.839,417043
0.528198564,29.30355512,1078.09465,40.34730141,"16,262.21",72,64424,3.443,221831
0.485027566,29.45029308,1289.480448,41.9562076,"16,076.31",75,48744,3.734,182010
0.548268048,28.87354217,998.565935,47.68359153,"16,582.76",83,66162,3.476,230000
0.46113916,28.92159094,879.4137066,39.34026662,"16,712.10",72,39205,3.751,147069
0.530766499,29.74440875,727.4507341,37.04302967,"16,007.66",81,49507,3.394,168002
0.529338717,26.76414928,663.9476558,49.97389818,"14,569.60",83,158557,3.636,576496
0.491711303,27.47755002,798.8520103,42.58317559,"16,505.26",81,46867,4.388,205638
0.462892154,30.32097633,826.0359249,26.88828523,"14,824.90",82,179006,4.108,735364
0.500711573,27.38496035,1166.382299,38.47436665,"16,751.79",86,29495,4.089,120612
0.538377363,30.85901472,1079.62092,36.79734625,"16,436.21",79,31524,3.541,111634
0.44996283,27.71955003,609.994788,29.3434725,"15,080.78",78,124246,3.867,480520
0.511529321,28.30034003,622.4250023,29.98608749,"15,870.94",84,60503,3.83,231718
0.529209093,28.8992996,571.9967707,32.49144591,"16,487.21",83,80898,4.573,369965
0.526339212,29.48628291,623.2339216,34.99595432,"15,903.28",80,112615,3.6,405436
0.470693444,27.71235743,710.44296,31.16117685,"15,106.43",79,130528,3.854,503034
0.488134843,29.03564486,760.3936413,31.85097848,"16,494.42",84,157200,4.206,661229
0.529332557,29.23,613.6739293,34.06758485,"16,136.45",72,9469,3.84,36356
0.471350648,29.17116315,575.7041002,37.0728378,"16,684.85",82,86952,4.236,368316
0.493589422,29.31526843,656.0241547,29.84054392,"15,427.47",83,69198,4.09,283056
0.562458767,30.02691224,830.1374788,54.82969229,"16,542.02",84,10334,3.397,35101
0.505484209,27.63017632,684.6206568,26.69048129,"16,033.39",81,48030,3.726,178971
0.457369721,26.93021787,599.8807533,32.19857625,"15,331.13",86,170059,4.197,713696
0.43478918,27.78860086,1108.202116,42.05195003,"14,326.65",76,101041,4.122,416497
0.465228048,29.32046629,580.8618371,37.17812975,"16,693.96",76,36508,3.888,141938
0.502300345,24.89574083,671.5481832,38.07664425,"16,472.98",83,26496,3.786,100316
0.463983233,30.3588032,867.5733439,35.43550372,"13,985.11",81,50830,4.027,204704
0.514134448,27.29147644,608.5652221,46.10721273,"16,657.31",79,39251,4.231,166069
0.488171048,26.43,688.5570379,32.36458641,"16,672.87",76,38109,3.909,148980
0.520120791,25.90219948,594.9471162,45.49462758,"16,509.42",80,58410,4.545,265448
0.545609886,30.12319911,556.8185582,43.93009106,"16,233.12",73,50546,3.266,165083
0.508433578,29.31197183,604.080452,36.81102699,"16,737.18",82,21734,4.276,92927
0.534458615,28.27631487,644.1064715,58.13661338,"16,641.09",78,24793,4.213,104440
0.498460084,29.78564575,541.6120646,26.88257608,"14,673.53",78,265053,4.075,1080151
0.516183195,28.96283564,570.2808863,35.59987676,"15,689.46",81,202728,4.164,844183
0.501413713,28.87,538.7141358,37.45332458,"16,464.37",82,37239,3.999,148926
0.501476634,28.56825622,587.1536727,46.22824231,"16,332.88",79,50812,3.876,196927
0.495020797,27.71629165,609.2449696,39.3878049,"15,980.28",77,26760,3.806,101838
0.499034318,28.853487,909.9299226,31.36854566,"16,345.84",78,55171,4.588,253141
0.450098991,28.86609713,1046.046952,26.33613257,"13,856.62",79,177744,3.954,702751
0.457228465,30.11437412,1562.027181,31.03781999,"14,126.98",78,82185,4.372,359308
0.536853754,29.3679681,1658.252099,40.34712925,"16,764.49",72,59816,4.388,262472
0.48188888,27.30092514,504.5914561,35.32198595,"16,567.15",78,69400,4,277632
0.490079685,30.79324211,519.7242937,33.24322366,"13,871.51",69,41235,4.087,168532
0.488711158,28.26642884,478.623701,33.22034017,"16,550.82",79,2156,2.246,4842
0.529248042,28.13739192,488.3835415,32.75922249,"16,030.54",75,21163,3.767,79712
0.490120498,26.61410217,508.4724302,34.47027562,"16,696.49",78,17466,4.256,74343
0.497182768,28.38231846,521.7358979,34.33329531,"16,291.29",76,72458,4.124,298819
0.558893777,28.32087789,484.1405002,75.1547332,"16,531.04",80,7602,3.933,29896
0.435458113,29.481526,548.1035551,26.25992956,"14,730.45",77,135150,4.478,605244
0.508290942,28.01359893,653.2919972,28.8460861,"16,079.18",73,74935,3.923,293943
0.525562096,28.89180644,620.7329808,60.79962807,"16,593.33",81,27361,4.334,118593
0.488736428,30.93814002,716.8504816,26.49996142,"14,762.62",80,89221,3.913,349133
0.486268619,26.47352876,760.3199607,30.69353803,"16,088.92",80,139102,4.249,591063
0.451758941,27.96686486,751.1221743,31.06194469,"13,631.00",81,192704,3.611,695856
0.51006133,29.96543791,927.57228,40.61849943,"14,683.49",83,72740,2.925,212738
0.505671637,28.0353409,618.6042699,29.92334178,"15,678.54",79,169478,4.307,729912
0.441551098,30.79245664,871.6758443,27.92535622,"14,641.46",76,63739,3.928,250353
0.441345828,29.19263209,1161.605142,28.036644,"14,563.20",81,49538,3.957,196045
0.521539814,29.1440497,1503.258772,25.26381839,"13,313.67",82,4505,3.399,15311
0.464753554,31.37352941,1160.759473,27.94508066,"14,893.30",83,230,2.989,687
0.494081986,28.87693658,1536.785015,27.570813,"14,178.36",79,56582,3.695,209042
0.469515284,25.51920674,2026.797114,24.81974441,"14,474.56",83,54853,3.223,176767
0.495201636,29.53347018,1967.953203,25.32601117,"14,397.79",79,187735,3.743,702778
0.490262077,25.36676431,2255.48054,20.33536723,"13,622.71",85,105265,3.901,410659
0.488748245,29.25712598,1397.866294,25.86770472,"13,812.77",82,62341,3.413,212793
0.519289947,28.64388631,1688.189823,48.03952449,"15,235.25",85,48045,3.697,177641
0.50414683,27.25148218,1778.585183,32.79607862,"14,103.27",81,64995,3.423,222501
0.478268903,27.71,1246.778668,26.75284871,"14,773.21",85,38127,3.794,144652
0.489347089,29.16542314,1116.506491,22.14349751,"13,619.74",79,48479,3.479,168672
0.505774212,27.92693894,1005.384067,36.76619942,"13,935.87",81,158893,3.661,581778
0.447388489,,1179.09597,23.08199294,"13,898.92",83,47691,4.444,211933
0.473743506,31.01303134,1208.787946,29.18450657,"14,620.92",82,177522,4.09,726107
0.42580765,27.61172864,1627.688876,23.2471731,"14,023.24",82,28618,4.066,116346
0.452636574,,1647.32865,29.32601082,"13,811.97",77,31797,3.563,113281
0.477547003,27.5511414,965.9425653,33.0145473,"14,396.04",82,122209,3.828,467756
0.497239566,,992.8241804,27.25851839,"13,632.19",75,59106,3.962,234186
0.466295884,29.99969667,861.9735099,28.21939552,"14,099.81",83,79225,4.615,365590
0.515031378,28.03757457,1081.175827,29.15506343,"13,655.84",82,112373,3.57,401138
0.479998068,29.88892226,844.5725966,37.70257241,"14,085.28",82,128443,4.083,524431
0.454295714,26.89953657,1012.259333,27.35406885,"14,467.56",82,156116,4.177,652054
0.449318616,,1095.579679,23.37013599,"14,352.53",84,8414,3.848,32379
0.461338993,27.71785824,859.8175634,24.82491855,"14,531.12",80,86053,4.18,359742
0.496876652,29.84095643,1032.092896,33.29980013,"14,595.07",77,67555,4.298,290368
0.533892903,27.52134255,957.4615934,28.93734176,"13,690.08",80,9889,3.224,31887
0.411312461,29.89190436,1057.846815,26.46862415,"14,424.70",78,49285,3.585,176698
0.484616447,25.16538152,916.5282007,21.10121833,"13,173.29",78,168635,4.145,699047
0.498688762,29.42299605,1284.783964,43.96778119,"14,580.25",77,101392,4.141,419821
0.476879254,27.87657413,868.8275964,23.22091383,"14,735.82",78,36128,3.685,133117
0.4657941,26.39638579,1117.342368,25.7840617,"14,098.40",72,23680,3.85,91176
0.459429668,31.73554661,965.3299468,31.77463055,"14,420.85",79,47718,3.958,188861
0.455984431,28.43133986,749.5533317,23.24125866,"14,052.26",77,38624,4.303,166198
0.469593633,27.70709033,1086.999936,22.63691611,"14,210.66",82,36923,3.669,135459
0.459710998,27.20079634,905.742679,28.21022881,"14,015.31",81,54809,4.378,239964
0.518229435,28.76444923,965.6644896,26.01594955,"14,183.14",83,49306,3.491,172134
0.474449238,28.35512873,891.6046411,25.1015083,"14,933.93",76,19941,4.016,80086
0.541591327,28.58679012,1113.067906,25.45234772,"13,904.08",71,24668,4.177,103049
0.476382054,32.12908918,773.8164902,33.04012011,"13,444.99",76,264051,4.068,1074189
0.500698944,28.69365997,917.1979244,28.28705386,"14,829.03",77,200665,4.117,826198
0.367604608,26.16166975,875.7410944,25.16978607,"14,192.04",81,36758,3.896,143208
0.48076473,,1000.038397,23.79300551,"13,738.27",74,53086,3.729,197940
0.474351135,25.62145919,1121.879661,25.96139501,"13,532.07",78,25833,3.7,95582
0.509309276,28.88589887,1107.378065,26.41077226,"14,737.27",74,53478,4.531,242312
0.476999075,30.04302509,1134.156341,30.28309376,"12,673.19",80,179707,4.023,722996
0.468951609,32.61598675,1754.627608,25.34198544,"14,364.04",78,81078,4.344,352182
0.444498236,26.82952921,1679.01541,24.26768968,"14,326.60",82,57858,4.542,262818
0.505154116,28.23132276,760.3473006,22.93984261,"14,546.53",80,68665,3.974,272865
0.414586341,33.13079091,842.0746352,26.53156659,"13,992.03",83,39696,4,158779
0.469432376,30.72668382,752.1101753,24.88985793,"14,765.42",80,1582,2.083,3295
0.490819085,26.08976954,763.1554852,33.00598344,"14,398.50",83,20379,3.592,73206
0.469897324,28.3770911,816.4139504,23.97051562,"14,227.21",81,16805,4.224,70983
0.520588816,28.94404411,732.0888432,34.12415577,"14,996.11",80,70072,4.059,284455
0.558713472,26.87428776,764.7520081,45.02495975,"13,812.42",79,7718,3.886,29993
0.484473614,30.52733508,756.7332948,31.58834606,"14,565.54",77,131795,4.412,581456
0.495771666,28.89806239,900.9541928,26.49520846,"14,454.03",78,73288,3.872,283772
0.488906752,29.07564103,910.0854704,29.50536482,"13,994.78",74,26805,4.166,111664
0.519899624,32.5711456,1005.452879,35.24219414,"14,041.71",80,89762,3.992,358303
0.502276606,28.82280237,1171.652905,28.57647721,"14,388.37",78,138126,4.22,582925
0.453256374,29.03182848,1136.661808,26.88347242,"12,211.86",78,189367,3.619,685226
0.482860946,31.32289572,1343.325283,24.81647299,"12,941.37",81,69929,2.881,201490
0.496588735,27.19423672,939.455965,29.05018172,"13,946.20",83,168011,4.319,725634
0.460953351,33.04502819,1103.376027,24.23892321,"14,542.78",80,62354,3.913,243972
0.465925005,29.23499261,1040.77645,29.08745265,"14,523.64",75,52630,4.154,218606
0.547835185,28.9449354,1396.407111,56.62459948,"14,520.33",82,4468,3.03,13536
0.472478118,28.79372552,1005.245069,31.44314234,"14,964.26",79,348,3.175,1105
0.489284823,30.37392965,1337.125503,38.08039881,"15,088.65",80,53708,3.832,205807
0.440782592,29.07385903,1462.036716,41.97769176,"15,528.62",80,47090,3.515,165500
0.465337241,29.45901931,1436.782846,25.02329101,"16,163.90",83,185741,3.876,719981
0.50808458,29.18181168,1733.607833,38.15441942,"16,211.86",70,101664,3.917,398252
0.506474009,29.43061762,1385.644443,45.25021523,"15,673.19",81,110467,3.948,436136
0.466772271,30.31472581,1670.546964,44.76685274,"16,473.58",78,46141,3.807,175669
0.556849002,29.4796505,1253.101499,44.11899526,"16,092.38",77,61535,3.05,187680
0.535437493,29.92045792,1096.49294,34.85940058,"16,333.86",78,35160,3.863,135832
0.531822983,29.87249986,945.3010289,42.36866547,"15,901.11",71,50962,3.889,198203
0.49939067,29.87023768,707.8569028,38.24008494,"14,597.00",72,156242,3.676,574371
0.49549658,28.44650022,1060.680109,40.07714726,"15,992.33",73,48268,4.537,218997
0.42277401,32.94557524,1037.232029,27.80856275,"15,757.52",77,176509,4.007,707246
0.488323796,29.52611255,1456.373427,25.07964213,"15,759.58",74,24139,4.164,100513
0.553090761,29.32344385,1372.932946,31.82288182,"15,855.89",74,29719,3.708,110208
0.460673471,31.92874388,688.2684929,22.17055822,"15,910.55",73,125368,3.839,481241
0.506786981,29.30025094,728.2377463,30.98745013,"16,073.37",76,56413,3.964,223605
0.502202485,28.05940722,599.4124851,27.00538273,"15,144.16",78,75161,4.715,354418
0.509238087,29.50715822,809.6988372,31.56813333,"15,901.99",73,95820,3.526,337832
0.44970237,31.98998946,763.4051605,28.81641976,"15,860.69",78,128682,3.937,506653
0.504277875,29.29986035,636.1247279,30.00444892,"15,281.60",79,151964,4.402,669014
0.50714246,29.14925346,837.7792319,31.16485264,"14,799.08",81,8595,3.868,33249
0.529165296,30.20506225,640.5575292,31.08926009,"16,050.00",75,83211,4.315,359082
0.48652152,31.09846548,829.9945563,34.68258062,"16,135.80",78,68027,4.318,293753
0.569687545,29.91982771,772.1407255,48.52950772,"16,362.89",71,9886,3.348,33094
0.47878471,29.25673482,788.0623634,27.41607349,"14,402.61",84,48992,4.06,198901
0.471846281,26.48489546,624.2292524,28.48665876,"15,700.14",76,116262,4.33,503363
0.456706407,32.79651056,891.1017175,25.49970578,"15,410.44",81,107030,4.003,428420
0.478688748,28.3392846,633.0939309,28.93771615,"16,585.74",80,34011,3.993,135811
0.497645494,28.14647668,905.0339856,39.11518014,"15,600.75",81,23680,3.824,90545
0.407509019,32.30442627,883.4007903,32.75775052,"15,053.68",81,47875,4.121,197277
0.503650802,29.22123291,663.3083047,33.5860545,"15,390.79",79,32519,4.478,145625
0.52080306,30.38904115,914.8260662,26.75450865,"15,824.03",84,33816,4.1,138638
0.494341676,27.93293062,735.6377432,32.64953554,"16,058.58",83,50566,4.561,230617
0.535266557,30.94490217,790.2699218,41.8445974,"16,056.77",83,39289,3.37,132412
0.508320611,,732.0860084,31.82118454,"16,626.36",78,21440,3.976,85244
0.526866615,29.75021888,931.8438214,57.09683567,"15,769.59",80,24048,4.194,100860
0.491360442,32.85336603,599.8394464,25.43080231,"15,557.55",77,263271,4.075,1072834
0.471205598,30.81035714,701.6375621,28.64748979,"16,260.06",84,192009,4.112,789518
0.517743273,29.23637998,669.7681217,27.96839518,"15,182.25",80,38121,4.13,157436
0.507002992,29.03678803,773.2559238,44.89996507,"15,973.76",83,51112,3.732,190769
0.51807804,29.81423719,978.1173477,42.16966027,"16,115.79",82,25240,3.955,99814
0.478369894,30.71672899,740.2610577,27.96177765,"16,596.59",86,52613,4.606,242318
0.434557574,32.42825657,803.258337,25.74416363,"14,663.81",76,140812,4.001,563439
0.404362111,32.26245186,1268.025725,34.26590095,"15,129.13",74,80408,4.207,338249
0.504984571,28.8295846,1101.656939,39.94522287,"15,851.37",80,59809,4.509,269706
0.503199815,29.06312552,628.6093752,36.82013657,"16,468.20",78,60554,3.987,241412
0.460061935,31.62658094,565.7661124,38.46224322,"14,564.25",78,36024,4.091,147361
0.474594474,30.19020124,533.0504709,31.10183885,"15,295.26",73,923,2.652,2446
0.50266328,29.19454724,574.4045303,33.9698598,"14,604.94",75,19525,3.967,77460
0.498535737,29.08704659,544.5879613,26.30792275,"16,160.72",71,14614,4.302,62870
0.459247693,29.80463874,567.494217,36.78500722,"16,674.61",81,66717,4.087,272701
0.554798252,28.70247938,546.2157309,68.26653364,"16,314.39",77,7530,4.151,31261
0.453728048,32.99708078,623.5544406,24.30006967,"15,743.99",78,132796,4.26,565685
0.501134001,29.73751259,732.9151357,33.16412163,"14,450.63",79,74228,3.941,292504
0.505250411,29.83690019,663.8429916,48.16189125,"15,497.49",82,27407,4.089,112066
0.458869922,33.34120059,950.2081357,29.23282798,"15,723.70",79,86642,4.066,352272
0.475549807,27.92502076,1152.760271,30.44968668,"16,301.24",78,137923,4.106,566275
0.455611222,29.32487379,1107.707489,29.43721714,"14,240.63",82,54388,3.613,196500
0.508720299,31.23231493,1201.94862,40.06002563,"15,333.00",82,57909,2.894,167560
0.504392272,28.63532306,775.3270345,29.71656777,"16,065.74",84,167894,4.175,700906
0.4562575,31.69180391,950.1845301,33.31711049,"15,410.21",76,59964,4.221,253090
0.478390725,30.13911356,1331.906269,25.29299668,"15,628.25",82,50831,4.32,219577
0.54161247,28.54615566,1766.211982,50.11960772,"14,634.45",74,6302,3.466,21840
0.470736089,28.5522675,1264.355124,27.15920286,"15,974.41",83,415,3.054,1268
0.497685694,29.32569381,1659.462833,31.66829737,"15,897.91",85,52339,3.844,201186
0.493377516,26.28211945,1747.683106,32.737733,"16,165.14",80,45568,3.521,160434
0.488132338,31.07070603,1815.078319,25.20926295,"14,881.47",83,187013,3.894,728268
0.529231446,27.16188566,1975.603333,33.41151662,"15,502.83",85,121851,4.003,487732
0.497037075,28.34718146,1741.172811,31.64254855,"15,637.03",84,67733,3.625,245503
0.504976696,32.01453578,2030.314232,41.02912542,"15,772.23",76,47079,3.89,183143
0.542351936,29.39169839,1513.418592,39.75847687,"15,807.14",83,61651,3.342,206040
0.495787654,31.07315656,1327.764801,28.26353094,"16,193.59",85,38730,3.789,146744
0.523547361,29.69081045,1154.544292,31.25458189,"15,384.92",80,50566,3.842,194259
0.494213816,27.64343407,995.8851188,41.40518986,"14,877.90",83,144736,3.762,544518
0.498370205,28.10395093,1336.79684,34.77884956,"15,682.71",87,47156,4.385,206782
0.487106952,34.50767718,1248.140155,20.84908635,"14,710.00",81,175290,4.087,716477
0.508985148,27.92877505,1808.389786,26.76453472,"15,833.84",77,27804,4.198,116710
0.500724925,29.7629488,1608.768468,37.10759072,"15,504.94",80,33480,3.637,121757
0.465855164,30.81280209,1031.105742,24.30824074,"14,505.62",80,125099,3.668,458840
0.504848637,29.37611231,1038.362041,28.91890187,"15,273.24",81,54316,4.001,217327
0.514328227,31.00411278,897.7363577,26.56972142,"15,804.84",75,73311,4.8,351873
0.498566038,28.90612554,1127.240828,34.63036491,"14,826.42",79,108124,3.68,397845
0.45824129,29.37030471,1096.345743,25.05161613,"14,168.13",75,131138,3.958,519047
0.420238526,31.14300012,1086.225835,25.98721774,"15,838.07",87,160106,4.18,669316
0.484433883,30.34800564,1149.402596,28.6328106,"15,831.58",87,9800,3.874,37965
0.4728522,31.0872144,972.2812763,28.42203672,"16,049.47",81,86317,4.245,366404
0.456486346,33.21906388,1065.518471,28.92000992,"15,047.72",81,68035,4.072,277035
0.553430604,29.21575223,1083.708646,47.3210882,"15,473.12",83,10095,3.433,34654
0.452568356,30.22280023,1020.004353,23.41982088,"15,467.07",85,48811,3.984,194455
0.458716207,26.7641784,899.9531342,29.78668538,"14,626.28",77,158184,4.353,688623
0.450736131,27.35976952,1389.520616,26.91645276,"14,005.47",84,117321,4.142,485934
0.435714866,30.82803857,974.7277057,25.9301265,"16,061.04",86,28508,4.042,115237
0.504017255,26.12146741,1186.959261,32.44671598,"15,890.68",82,26411,3.915,103391
0.46470781,34.59807931,1183.817656,25.23618588,"13,781.37",85,47851,3.736,178761
0.497670215,29.02767453,929.3305757,27.44689356,"15,907.47",87,33677,4.366,147047
0.509826711,31.39335732,1085.451056,23.78565834,"15,881.51",79,42696,4.192,178989
0.500132524,29.64391866,1093.648489,27.30929628,"15,583.08",79,46533,4.44,206622
0.514091219,28.91363127,929.1647348,39.72095965,"14,829.68",82,52943,3.387,179313
0.4782594,28.83023121,1049.307865,30.15123022,"16,242.64",82,13627,4.097,55837
0.524975541,28.26609317,1021.76154,45.35418867,"15,800.76",83,26450,4.121,109007
0.512348796,30.73788528,928.244692,24.04706034,"13,830.75",77,266243,4.158,1107015
0.496669903,32.77769186,976.2891112,31.77590728,"15,423.66",83,199007,4.088,813546
0.4581535,31.41612633,994.3274005,26.45342196,"15,755.86",77,59063,4.207,248491
0.503233682,28.70792159,1003.691712,40.90622015,"15,647.02",83,50213,3.715,186560
0.518248912,27.91935786,1014.623335,40.46931046,"15,462.46",83,26018,3.893,101289
0.515177582,31.41069833,1151.368921,27.40602,"15,678.52",82,59225,4.635,274525
0.494980788,28.69111919,1092.616517,26.3706464,"12,799.10",81,171875,4.156,714290
0.447332617,34.64286494,2015.216714,22.41813575,"13,970.85",85,101166,4.065,411224
0.511512206,27.33969547,1749.950135,39.98668591,"15,990.56",77,76035,4.685,356197
0.493604451,30.61584401,942.2355635,27.84552755,"15,704.35",75,56317,3.999,225208
0.462524029,35.6113346,945.6335171,23.0132355,"13,677.80",77,35308,4.085,144219
0.463479117,29.4863743,877.749461,24.07038539,"16,134.85",75,1075,2.252,2421
0.510151309,30.27805926,932.9062978,32.19985032,"15,713.56",80,21871,4.12,90105
0.503131083,30.51548345,941.194978,23.32996704,"15,785.30",75,12664,4.103,51956
0.506381529,30.79155211,871.2507299,30.99536279,"15,871.82",77,69175,3.897,269551
0.534817297,27.93741736,1004.79338,55.47009458,"15,654.28",74,6878,3.967,27283
0.489007492,34.16009622,923.5747181,21.65752689,"14,503.06",77,141693,4.354,616865
0.491412569,30.48794645,1073.666143,28.56327189,"15,441.26",75,71468,3.946,282007
0.493046157,27.88788583,1093.177224,42.86997395,"15,882.31",76,21172,4.101,86823
0.506487776,29.68288136,1221.661583,25.63765437,"13,821.36",72,107306,4.001,429375
0.496781961,31.28371766,1386.684298,24.5814624,"15,121.98",77,139338,4.224,588606
0.440199444,27.79933559,1333.476928,33.79244063,"12,383.29",80,201037,3.671,738001
0.481454588,29.67163623,1498.165556,33.69925124,"13,436.17",80,77916,3.094,241039
0.498856973,30.62369991,1084.231089,23.15029864,"14,814.77",84,191878,4.383,840931
0.467134932,35.13820257,1421.544701,22.8049268,"14,387.71",82,67529,3.74,252528
0.497116625,29.13095122,811.907662,36.28641926,"17,160.79",82,56100,4.581,256997
0.529893054,28.1581225,1218.386815,65.17910965,"15,415.30",78,6223.95,3.897,24253.34
0.509334227,28.85575203,729.7107214,42.39452358,"17,592.71",84,1314.39,2.999,3941.489
0.484605222,29.19417349,1033.949574,44.6358355,"17,245.44",73,50803.7,3.84,195100.6
0.469844441,27.22991499,1207.282149,39.89784259,"17,954.66",83,41369,3.892,161002.8
0.497121376,27.46154201,1189.64437,27.24396185,"17,042.79",84,185915,3.817,709612
0.522754327,27.87317217,1456.677587,35.43926875,"17,300.30",82,111308,4.234,471297.9
0.526050883,28.38461078,1110.304647,33.97060693,"17,280.41",82,61792.3,3.845,237576.3
0.470086897,29.8658807,1418.785391,33.66832491,"16,894.90",87,45510.5,3.623,164882
0.553074775,29.48667319,914.2817397,55.69094779,"17,219.23",77,61882.9,3.959,244972
0.524287189,,759.100644,32.99793549,"17,132.50",74,32616.2,4.022,131195
0.552440586,29.42375489,610.2842413,29.91871553,"17,200.49",78,52350.4,3.996,209201.1
0.50184078,27.61701535,622.7758826,42.15847077,"16,237.86",80,155545,4.256,661981.6
0.517254939,28.49462606,802.1431269,40.16477382,"17,479.38",83,47074,3.842,180846.7
0.49731526,28.37143177,818.3007353,19.65409621,"16,377.96",78,170739,3.992,681567
0.492120719,29.49510382,1222.656646,39.71758905,"17,478.01",81,22738.6,3.82,86868.48
0.548146089,28.25315789,960.3639147,46.0933996,"17,542.08",76,26808.7,3.548,95106.9
0.511925924,28.16889122,624.3156989,22.65541782,"16,927.99",82,124073,3.863,479310
0.539484046,28.124,634.3241294,32.38138598,"17,228.67",80,58950,4.139,244017.5
0.539454185,28.45796394,558.9609418,36.2634883,"17,284.62",82,73829,4.8,354393.9
0.5106502,30.64969226,624.8659316,33.12208301,"16,860.09",81,117416,3.479,408473
0.499363301,28.32861832,643.9560997,33.3079501,"16,948.28",84,128592,4.003,514788
0.508152146,30.52105784,658.4459017,33.44750168,"17,220.32",79,161981,4.626,749344
0.500672532,29.69715583,668.6347357,48.16900633,"17,180.48",76,9614.75,3.691,35488.16
0.496420812,31.83874296,647.2461275,30.14190745,"17,174.70",79,87488.6,4.503,393930
0.491011774,,674.2358914,20.96169966,"16,910.21",79,70845,4.095,290082
0.541851894,28.74987598,781.4834926,56.2907843,"17,127.94",81,10079,3.609,36379.99
0.520344688,28.86809026,668.3881543,35.97214688,"17,107.30",77,57459,4.691,269538
0.471100431,28.05067399,555.9797502,33.38751399,"16,730.97",77,165510,4.304,712400.3
0.497428351,28.96204118,997.4791869,33.50024643,"16,490.04",75,113480,4.21,477747
0.491351464,26.91566954,617.2989443,29.83982802,"17,374.74",80,34941.9,4.229,147782
0.512559835,26.78469065,715.0222573,39.95900108,"17,518.80",77,26030.5,4.334,112820.2
0.489383809,27.70958711,772.5555745,30.23382089,"15,592.24",78,45542.5,3.934,179177
0.52063985,29.41768977,628.6655086,46.48650114,"17,399.29",79,35157.4,4.149,145874.4
0.471383373,30.66612001,559.0121533,32.2710438,"17,316.62",81,37837,3.897,147455
0.502723601,28.98691396,642.0366721,41.47402894,"17,430.87",79,46950,4.398,206490.5
0.542318855,27.57316346,587.3216302,46.42031755,"16,836.53",75,52650,3.182,167550
0.469097063,,624.774624,26.55114804,"17,246.72",76,21558.4,3.782,81544.7
0.531741547,28.46286297,580.0932764,51.54858113,"17,496.02",77,20746.6,4.018,83370.29
0.531189316,31.54151902,597.2504666,32.81783071,"16,605.53",79,256441,3.972,1018506
0.489930874,29.92477945,588.4925941,25.02668704,"16,882.36",75,188013,4.342,816283
0.542336648,28.92533325,614.9957325,39.79728819,"17,288.55",81,52709.3,4.352,229374
0.526302526,28.0377632,538.0026225,47.28332964,"17,420.17",72,47320.2,4.052,191746.7
0.540559276,28.93100069,597.0788418,46.31558592,"17,297.73",81,22927,3.853,88327.6
0.496664741,,705.2349698,22.49027154,"17,371.87",82,61407.5,4.486,275484
0.493856717,31.80711122,638.4605575,27.03078526,"15,520.39",73,182698,3.952,722000
0.491305193,27.83492631,1341.641846,25.97149486,"15,521.92",60,83411,4.265,355759
0.536846862,27.55014806,1126.480703,45.04390993,"17,921.82",65,63448.5,4.918,312045.5
0.500347206,28.5134523,560.678295,31.42909451,"17,449.34",79,54658.7,3.762,205636
0.521669269,28.856,522.1368267,20.73369096,"14,552.25",79,33429.2,4.183,139838
0.504292293,30.14964025,504.014895,39.81304837,"17,911.43",83,1048.93,2.634,2763.006
0.511563156,28.91678007,561.6962997,40.60884303,"17,080.79",81,22407.8,4.267,95623.43
0.493226503,30.28771827,491.3631339,32.55013518,"17,427.90",83,13457.6,3.888,52318.09
0.472499456,28.71230708,567.1686467,23.66894942,"17,220.72",80,68086.7,3.998,272192
0.547161058,28.38049922,576.8522578,66.2788646,"16,873.17",86,7455.38,3.989,29739.77
0.495476724,27.98456371,595.1944698,26.98430171,"16,589.45",79,134680,4.492,604948
0.523996257,29.01761206,529.3638632,37.9284138,"17,069.03",85,74854.9,4.082,305563
0.507220873,28.68413818,593.7179012,51.12361588,"17,386.45",84,25289,4.305,108868.9
0.500294523,33.14744186,716.8251463,30.17804102,"16,883.14",84,95875.1,4.139,396798
0.482129909,27.80775448,725.260985,29.55877306,"17,280.89",81,140289,4.411,618878
0.490991385,29.04114514,691.4402344,32.21993686,"14,760.92",87,217050,3.558,772322
0.549212656,31.20680722,879.1716403,29.53900464,"15,622.15",78,83367,2.788,232389
0.517577783,27.34847295,566.9765022,29.0239126,"17,115.89",78,168445,4.332,729684.9
0.494833101,29.17002257,781.5225253,20.18748168,"15,669.75",85,58683.2,3.904,229103
0.522040062,30.49976345,1039.476773,35.95778581,"17,542.41",83,58453,4.592,268437
0.516004485,28.79337824,1412.735266,51.59365873,"14,869.69",82,6234,3.921,24448
0.531167784,30.6030547,936.9528624,37.68590037,"17,592.88",77,1384,3.308,4578
0.518239179,27.57973645,1227.944842,47.10613184,"17,738.21",84,48805,4.039,197115
0.496532875,28.44395585,1889.676488,42.64775303,"17,925.33",72,38450,3.923,150845
0.508773286,29.37687885,1928.196393,30.14200618,"17,315.16",81,185882,3.882,721540
0.547176413,29.56871136,2234.739458,34.46125999,"17,004.78",82,112275,4.544,510156
0.534715827,26.75857046,1365.334353,40.07886135,"17,527.37",81,60808,3.714,225864
0.514323661,31.55561217,1676.588945,51.07756378,"18,236.12",80,46633,4.177,194796
0.532844863,29.47065188,1671.830019,49.09827521,"16,892.80",83,57048,3.951,225424
0.514628229,31.91972796,906.7540416,33.19853926,"18,251.56",76,31389,3.799,119258
0.548500757,30.00302617,854.5867066,34.07291664,"17,151.39",74,53099,4.008,212835
0.485098858,30.38617627,978.0603961,44.58093553,"15,473.66",75,149675,4.376,655020
0.525810715,28.37315488,1133.746008,41.41276084,"17,714.15",75,45691,5.138,234756
0.50699304,31.33477836,1170.956431,29.7998027,"16,598.66",77,172643,4.105,708694
0.525118259,29.33450698,1653.078522,36.31205855,"18,140.29",71,23223,4.614,107153
0.501739981,30.26302332,1626.73451,32.10175782,"17,193.13",81,27001,3.577,96580
0.463297166,29.5162237,808.7870966,32.05194216,"16,779.19",69,129504,3.972,514340
0.538925487,29.61148632,766.5350908,31.83319884,"17,105.32",78,59326,4.153,246388
0.545499761,31.50961173,708.8538554,39.35519101,"17,959.74",76,73991,5.117,378580
0.54813402,30.10179904,894.2200616,32.7287717,"16,373.78",74,119661,3.443,411976
0.429779392,28.01421709,981.442608,34.60172795,"16,715.59",72,128714,3.995,514230
0.505187557,31.44865999,869.8547569,32.27631555,"18,302.62",80,158532,4.625,733189
0.541808198,28.16736204,908.8331379,44.22872992,"17,567.57",79,9122,3.827,34909
0.510213538,30.52296681,734.7078517,31.65566287,"18,254.01",79,81030,4.516,365940
0.519437985,31.50839511,914.5941399,28.85197262,"17,329.65",83,70969,3.816,270850
0.568748385,29.51251298,887.6653789,54.76643034,"16,745.78",81,10882,3.705,40315
0.512698413,31.01989882,893.3830539,36.4971691,"17,669.49",79,59051,4.232,249918
0.526220502,29.14371734,819.5883338,29.30448064,"16,320.50",77,165114,4.219,696629
0.458721802,29.04200176,1097.900427,32.96703502,"16,092.05",80,113520,4.057,460534
0.520338309,29.88974955,699.6815763,38.44115571,"18,169.97",74,34151,4.061,138682
0.51000548,27.9937099,962.9354951,34.88566377,"17,733.36",83,28425,4.042,114894
0.517861013,30.97090513,1087.315134,35.59646787,"15,537.16",80,44619,4.016,179168
0.539069458,29.17006748,736.0751008,42.40196635,"17,972.24",81,33729,4.402,148488
0.521707379,29.94689136,763.4275916,34.30760402,"18,231.50",82,36650,3.665,134315
0.521658132,27.85342339,685.4762347,50.12759606,"17,845.14",83,46561,4.739,220673
0.536731127,29.28397905,694.7666277,37.95099126,"16,454.50",82,53029,3.527,187026
0.507628781,31.55361119,701.6393443,29.69593761,"18,263.96",70,20209,3.849,77792
0.539434665,29.32965657,735.904501,57.15249669,"17,810.55",80,22683,4.279,97062
0.527889824,32.06941744,704.5016582,26.26732404,"16,213.94",80,260767,3.846,1002998
0.521133655,31.00195318,733.69189,38.54009967,"17,780.06",78,184335,4.379,807132
0.518953476,30.68239656,642.6406604,35.22175313,"18,147.23",83,49259,4.438,218593
0.540628281,29.37742089,779.7639245,49.5145681,"17,479.12",86,21866,4.22,92264
0.535217508,29.95700439,692.2036771,41.13683022,"17,074.76",67,52783,3.918,206813
0.553840325,30.74426853,981.3566467,33.58790775,"17,942.56",64,58412,4.348,253950
0.516416153,28.52375084,955.8708597,29.83553226,"15,148.29",74,182891,4.439,811917
0.506574059,30.91450505,1411.930368,37.88189567,"15,661.61",73,83401,4.282,357147
0.493525585,30.50423579,1382.157869,47.09234578,"17,778.59",71,64108,4.685,300360
0.524359313,29.12576341,818.9487573,43.77456856,"18,030.92",70,51837,4.116,213368
0.50790518,32.85652486,816.8759237,39.15567912,"15,294.79",70,31134,4.219,131368
0.514481032,30.36723,724.2577548,34.70220734,"17,807.62",72,1145,2.912,3335
0.542161725,29.76139423,716.0592637,45.3004924,"17,492.84",70,22262,4.201,93522
0.51919063,29.24046634,709.0863672,34.76773128,"18,144.26",73,13114,4.273,56037
0.520923135,30.07271759,696.0457047,37.59820655,"18,129.59",70,66155,3.85,254667
0.572011657,28.61221543,766.4728278,71.86012527,"16,337.05",71,7309,4.175,30516
0.506676343,31.70697617,714.0706997,35.15710238,"16,406.87",74,133001,4.41,586531
0.522980527,30.3429911,1004.500918,40.03847108,"17,741.72",81,75642,3.863,292231
0.524143619,28.71482609,1044.052752,53.65648801,"17,866.69",80,26056,4.759,123993
0.500908629,30.17653372,1292.250426,25.0096717,"16,499.88",79,93635,4.061,380208
0.491911688,27.86612162,1452.948063,38.88539542,"17,574.78",74,140603,4.313,606362
0.53050348,28.90076541,1395.443482,33.17971616,"14,641.87",69,215911,3.702,799346
0.544302609,29.97037908,1433.131049,39.69571399,"15,452.54",70,82490,3.027,249732
0.512750728,29.22849196,1157.794296,35.9043754,"17,134.39",74,167472,4.026,674292
0.48341046,31.79131396,1246.456884,32.26540043,"16,328.11",75,58378,3.859,225252
0.520353252,28.44431606,888.378925,37.11693102,"16,668.20",71,58856,4.57,268754
0.559512602,29.5784534,1234.111055,41.51110833,"14,518.90",78,6243,3.86,24116
0.485272397,29.36371884,856.9851338,44.11757856,"16,752.71",72,6969,3.25,22680
0.506050049,27.01528089,1127.329624,39.39487946,"16,462.64",77,52657,3.99,209855
0.480110103,26.30235083,1418.520307,35.92349358,"16,712.93",73,37899,3.83,145049
0.516665835,26.14306891,1288.503843,27.52226902,"15,636.46",74,185336,3.884,719759
0.508454295,27.30522463,1847.327274,34.88800636,"16,043.29",72,112020,4.61,516316
0.507128642,27.24323569,1167.797067,38.84463439,"16,197.20",81,60861,4.1,249509
0.539690262,29.38681248,1346.43173,34.19326453,"16,505.86",83,47889,4.455,213342
0.5488945,29.68271679,1083.10641,45.29696011,"15,905.52",73,62977,4.01,252243
0.520597963,,904.9819401,35.65998492,"17,184.16",82,33224,3.77,125157
0.515802994,29.26136885,762.4947153,29.21887313,"15,980.47",83,52096,3.96,206041
0.537101374,28.70319701,615.0529072,53.92741738,"15,012.55",84,149410,4.41,658933
0.498130105,27.54483851,842.2710672,33.19704485,"16,527.32",83,44677,4.61,205831
0.492855987,29.23550964,768.8887059,26.18590755,"14,591.48",86,173996,4.091,711737
0.525491492,28.61109321,1072.8731,35.10691039,"16,861.43",82,23027,4.62,106298
0.54387186,30.86266987,1021.031882,35.11085596,"15,875.66",79,27007,3.65,98612
0.516730862,26.08299499,673.3506159,24.36494441,"14,984.19",83,130008,4.029,523837
0.499514263,29.80487476,666.4630967,31.42016955,"16,087.66",82,59386,4.34,257662
0.528019229,28.2594524,606.1404535,39.18380458,"16,662.79",82,74350,4.93,366425
0.528281538,27.3042395,660.9895503,31.93655772,"15,388.03",80,119654,3.657,437550
0.574665154,23.73537344,726.9772308,25.54772976,"15,179.25",80,130382,4.23,551535
0.526668246,29.95038292,731.4510475,29.7207642,"17,009.83",78,157218,4.47,703045
0.528792892,29.95110586,688.677132,40.56109193,"16,488.46",85,10686,3.75,40037
0.507507616,29.76682243,632.2786625,30.55276341,"17,167.21",81,79965,4.25,339889
0.50813492,30.63358567,702.2318785,27.98696587,"15,336.74",83,68626,4.066,279023
0.5281688,29.34941109,760.920911,50.15548272,"15,916.00",82,10868,3.83,41588
0.520064775,29.03058828,658.2687329,33.90154459,"16,763.11",85,57495,4.23,243273
0.495361433,25.91103882,585.3794176,29.77317661,"15,207.45",82,163408,4.25,694537
0.521039703,27.64693826,1057.204348,27.11218208,"14,293.63",78,111989,3.971,444758
0.507997517,28.8641096,616.9100466,31.57672468,"17,070.09",83,35053,4.26,149437
0.496282242,28.5779367,748.0335958,37.63188861,"16,314.25",82,30979,3.88,120280
0.476686389,29.31877211,787.948086,27.6547967,"13,672.93",85,46179,4.156,191901
0.502796755,28.39387406,655.5946402,40.21009945,"16,622.62",77,32637,4.26,138886
0.542398082,29.51132656,721.4705437,28.93753885,"17,044.42",81,34924,3.79,132515
0.549549504,27.72667822,569.4444895,35.28763452,"16,670.00",77,47880,4.84,231520
0.543725366,28.91290198,604.8851711,32.21656796,"15,393.58",83,55852,3.244,181159
0.494909223,,591.8156077,27.0344739,"17,125.48",82,19399,3.97,77060
0.502423306,28.38751669,704.1138173,50.70707807,"16,492.24",84,22945,4.42,101346
0.499157154,29.63039777,553.5825128,24.52440077,"14,900.67",84,261089,4.126,1077242
0.515779174,29.73771379,606.6273292,30.26862958,"15,847.31",86,185392,4.416,818693
0.540424323,27.85406854,547.3541115,35.52308826,"16,815.49",74,47283,4.57,216119
0.490605878,29.07776789,611.091474,34.13768058,"16,311.76",76,53451,3.96,211748
0.502096313,28.3740006,728.6680455,38.90700678,"16,054.64",82,20083,4.3,86422
0.518909043,28.43817076,815.5655893,27.34531124,"16,556.38",79,59994,4.306,258336
0.475711596,25.9032892,862.405382,27.02277647,"13,727.19",77,181878,4.123,749905
0.449919069,28.55759269,1629.123076,27.02548346,"13,767.12",74,82759,4.356,360529
0.492806244,28.67666907,1489.053392,36.47934992,"16,353.96",80,67432,4.63,312364
0.519345667,28.85064573,631.6583549,29.68100572,"16,886.75",68,54430,4.319,235085
0.473355303,35.12269397,649.9808533,24.77503068,"13,270.56",84,31365,3.832,120184
0.49615769,28.60541683,622.1295206,33.97248659,"16,820.43",79,1074,3.27,3517
0.527155759,29.16236738,582.1692331,41.72568348,"16,493.31",78,22798,4.23,96361
0.5655292,27.29045714,670.5964257,29.77103926,"17,000.21",78,13075,4.25,55573
0.513650589,29.56298943,564.5877283,31.50399722,"16,557.68",83,65341,4.06,265300
0.546978886,28.52839584,668.7701164,62.36536962,"15,768.42",78,7056,3.99,28175
0.504547148,29.67185629,633.0017134,25.26442887,"14,496.16",77,132084,4.441,586599
0.527752322,28.90438296,873.8120004,36.33112702,"16,932.28",81,75086,3.94,295593
0.500047968,26.52570168,698.4291594,37.96118781,"16,484.61",81,25941,4.65,120574
0.56643408,29.95926843,894.8264644,26.9305933,"14,954.18",79,91235,4.134,377149
0.520384771,26.93798936,1219.027883,27.43744404,"16,299.29",77,140495,4.228,593982
0.509496753,26.42388244,1151.939793,32.44247161,"13,040.88",77,221133,3.708,819988
0.541662585,28.56144674,1281.581162,39.96673869,"13,580.62",71,82719,3.028,250496
0.535543318,27.63401225,896.2908577,27.25093947,"15,977.49",81,170155,4.32,735536
0.467528501,35.62248057,1092.103059,26.87678909,"14,331.05",78,58622,3.895,228318
0.509136644,28.49636912,769.0674473,29.89165137,"15,517.10",79,58315,4.601,268314
0.56709568,27.88293345,1128.517989,60.92453658,"15,075.23",80,6244,3.921,24483
0.511543904,27.43421053,748.4596576,35.39233398,"15,925.27",84,8141,3.65,29714
0.506466727,27.93444255,1147.324311,37.62118237,"15,704.46",68,52944,4.061,214990
0.4842754,25.48432645,1785.095603,35.98717211,"15,922.03",72,39580,4.237,167712
0.484577947,25.66842135,1532.794531,34.04606429,"15,699.87",72,186633,3.858,720121
0.526659901,29.48189116,2161.116006,33.13750879,"15,128.93",71,110729,3.937,435989
0.504010379,29.10472056,982.358484,32.718624,"15,768.41",75,61773,4.41,272417
0.48153888,30.30192781,1320.606227,40.0803494,"16,204.95",65,50562,4.463,225685
0.527460517,29.04531641,1248.023289,44.39304674,"15,752.16",71,63206,4.003,253044
0.520741943,30.17,957.0815321,30.34088949,"16,729.81",69,34930,3.999,139693
0.50839046,30.0276772,771.4452151,29.75334191,"15,439.43",73,52180,4.175,217873
0.557823725,27.98795553,726.6686424,48.18823448,"15,404.00",70,150224,4.189,629280
0.481704383,25.15275259,811.9062121,33.07040902,"16,155.61",72,41888,5.014,210018
0.477267929,,850.6821514,29.45277989,"14,782.49",67,172370,4.076,702653
0.481775475,26.86133998,1231.507119,31.52705479,"16,017.73",75,23131,4.428,102413
0.461158266,29.23025657,1206.927519,42.99623551,"15,371.56",81,29368,3.451,101359
0.462834733,25.51119901,732.2604644,31.71898693,"15,028.48",79,127379,4.017,511704
0.494589897,30.51843555,734.5370126,32.80607225,"15,664.53",82,57676,4.296,247769
0.515243896,28.68726308,655.6401601,27.74433559,"15,698.91",82,76727,5.047,387234
0.551455938,29.91785328,769.8255789,31.8175182,"14,209.59",81,122161,3.779,461591
0.430451601,27.46921787,679.9558828,29.50768995,"15,066.42",78,129289,4.059,524828
0.487210373,,729.2335519,28.64448292,"15,926.55",79,157083,4.462,700934
0.527239559,,810.4967776,40.99977514,"15,604.15",76,10806,3.364,36347
0.506891927,29.146,735.3791111,28.76168395,"16,439.72",83,85339,4.567,389737
0.529523606,,780.2195818,23.36002302,"15,525.99",82,68249,3.853,262958
0.504475955,28.78564278,773.1231133,46.61809412,"15,340.45",83,10899,3.744,40803
0.517361575,28.81449462,783.3514525,24.97751507,"15,356.91",83,59870,4.015,240362
0.506881505,27.16409213,635.3754491,34.84211406,"14,341.45",86,163815,4.095,670800
0.397217219,26.80309558,945.1820151,41.46823442,"14,017.46",77,112308,4.397,493847
0.481659421,26.84757843,762.7111997,29.8310829,"16,681.94",74,35578,4.05,144077
0.482308661,25.28609628,812.661182,39.48604603,"15,799.55",79,31925,3.875,123692
0.423351636,27.85924266,704.7137584,31.7894583,"13,422.85",78,47191,4.189,197689
0.497166868,27.69038413,744.3311224,35.47571203,"15,959.24",76,32264,4.531,146174
0.487093962,,820.1027087,21.18248955,"16,058.67",72,36448,3.777,137675
0.448829381,27.11543806,805.0844546,31.39863947,"16,170.37",75,47321,4.669,220923
0.521775221,30.21709364,708.8192611,35.6185177,"14,063.24",72,57045,4.012,228871
0.509771591,,782.1472245,29.17053988,"16,851.00",79,19762,4.079,80617
0.507993524,29.80869662,829.6508197,45.28644565,"16,125.89",78,23744,4.452,105703
0.508834515,31.15429882,743.1082489,26.53696814,"14,467.28",79,260451,3.932,1024213
0.488657547,29.51781451,737.1296178,30.19403569,"15,839.08",77,188539,4.477,844068
0.519602975,28.84731658,771.076529,29.70551179,"15,678.97",84,48625,4.504,219006
0.507630558,29.92728961,673.6567717,39.50079117,"15,908.18",66,54266,3.833,208025
0.537612198,29.07530288,845.0873579,42.4953317,"15,369.07",70,19451,3.986,77533
0.49005635,28.93115854,830.5837742,27.49336158,"16,426.27",73,59959,4.285,256899
0.514023938,29.40896266,830.0237851,28.50200666,"13,130.50",76,180624,4.101,740659
0.448875332,26.73,1419.909419,29.1036545,"13,661.25",74,81637,4.331,353538
0.480367402,27.94351448,1286.014584,45.36253451,"15,823.89",68,69848,4.779,333812
0.490967099,27.95607458,631.4410327,30.12865506,"16,475.93",72,54458,4.145,225720
0.451352349,,693.0802197,23.23699122,"13,036.88",69,31909,4.013,128067
0.510618455,,653.1708232,29.61144102,"15,971.63",73,1086,3.034,3296
0.526863571,,681.6744282,32.06133926,"15,524.64",67,22804,4.169,95071
0.466064196,26.30279257,645.6074181,26.70063935,"16,237.36",73,12895,4.457,57469
0.488328723,28.32088317,705.8969664,30.19796622,"16,412.12",67,65807,4.111,270507
0.534733825,28.87958338,675.5083948,53.63783257,"15,608.15",70,7270,4.299,31254
0.443139272,26.83114903,690.8434554,31.47477186,"14,581.37",66,130262,4.576,596092
0.526876063,29.07238647,809.8060546,26.77547797,"15,441.48",65,78381,3.728,292194
0.48559668,29.41058833,719.8852505,37.39181397,"16,021.37",72,26340,4.433,116768
0.508793691,30.63517886,881.9891184,30.31669019,"14,675.22",70,88556,4.544,402440
0.457624617,26.78394393,1108.971848,28.02163612,"16,118.08",68,140561,4.485,630375
0.528046955,28.2014443,1093.709659,34.18588137,"12,213.70",62,222415,4.382,974600
0.549433684,30.08193287,1208.049171,47.95341219,"12,310.30",68,82011,3.387,277760
0.48164909,28.3015844,799.4368674,26.95952209,"15,723.65",59,169978,4.213,716202
0.48234372,,1065.036369,28.11841387,"14,267.98",76,61334,3.918,240282
0.542484832,28.74218769,455.9496429,47.04857682,"18,335.79",72,59352,4.647,275830
0.541823337,29.62944178,590.6912465,73.58073269,"20,039.93",71,6126,3.909,23948
0.53367791,29.46611561,406.5573058,61.56715714,"18,427.35",72,8009,3.161,25317
0.534009865,29.29592624,554.7849755,65.85533518,"19,475.14",75,51560,4.16,214468
0.537811169,28.51865049,963.2360987,60.98449605,"19,653.04",83,39890,4.196,167366
0.470565643,27.68851589,1007.463107,23.33964674,"19,439.65",72,187215,4.129,773052
0.512321024,28.08726663,1083.071363,32.07389832,"20,130.54",81,111184,3.95,439170
0.532674024,28.61569076,630.440103,50.79732927,"20,178.96",83,62962,3.372,212331
0.496058637,30.43365165,791.6954045,47.13368387,"19,681.63",81,51424,4.617,237451
0.547784973,30.73247653,861.6781723,63.90604145,"21,406.87",82,64250,4.058,260741
0.526007702,31.46184075,461.0770696,39.31036426,"19,566.70",86,37037,4.144,153494
0.546919731,30.37198665,399.6868789,39.47359549,"20,291.81",79,51013,4.223,215446
0.52781849,30.69603249,450.1366642,77.27862775,"19,464.87",78,150345,4.168,626711
0.506222387,29.31519032,498.4728505,38.81732298,"19,813.15",84,42936,4.596,197343
0.487614188,34.06650573,530.0971185,16.69766565,"19,127.05",83,172730,4.209,726949
0.495217829,29.44558239,815.6209243,41.58136939,"19,708.78",80,22949,4.532,104006
0.556026316,31.59857586,892.0226533,41.93969003,"21,088.02",79,29576,3.466,102511
0.478522974,27.94820312,371.2786132,20.8059783,"19,277.91",84,125189,4.196,525296
0.528347293,30.22365975,382.5577647,33.95490732,"19,596.45",72,59029,4.317,254806
0.549595072,29.99407307,337.0281594,46.02084774,"19,447.70",82,80514,5.338,429796
0.506238797,29.34422908,431.2157605,32.86390062,"20,166.75",83,122300,4.103,501786
0.463039812,28.2928515,462.8184205,28.15876167,"19,240.39",84,128339,4.135,530669
0.513991116,31.78575563,490.4593973,37.99170421,"19,356.69",81,159553,4.708,751125
0.536060707,29.84392744,448.166557,53.82898719,"18,920.74",86,12382,3.555,44013
0.516337496,31.40153533,378.8730479,44.88077636,"19,561.11",76,89737,4.36,391242
0.466086807,30.08560976,423.1943609,12.10566653,"19,515.98",76,68613,3.694,253454
0.544520191,29.44586802,478.3690649,73.7433739,"21,283.80",83,10859,3.85,41804
0.517080616,28.80799428,405.1893283,41.16306355,"18,311.17",81,59770,4.158,248551
0.465476917,27.58617276,375.0763701,23.84691351,"19,586.38",79,164424,4.236,696448
0.466695284,28.98703726,734.0663882,25.88976582,"18,667.05",76,112886,4.281,483310
0.50967403,30.77862028,355.1084064,40.15301084,"19,653.19",80,35872,4.226,151597
0.545802496,29.06075088,469.1216992,65.27785786,"20,406.20",73,33328,3.439,114598
0.501404052,30.61429395,505.2675328,24.62548795,"18,179.88",82,48006,4.266,204819
0.524022152,29.44530661,375.2938825,54.93443025,"19,770.67",78,32521,4.338,141088
0.494451312,29.50003834,415.63187,35.36144554,"19,574.33",78,35846,4.085,146432
0.526344909,28.07161821,347.6244552,47.67114222,"19,612.35",81,48784,5.013,244577
0.510510377,29.83867506,361.1125158,53.33049629,"20,401.87",82,59749,4.842,289317
0.516729689,31.99,337.6799501,29.83905727,"19,618.59",79,18284,4.016,73431
0.545546587,28.66952378,414.6619144,64.34866183,"20,028.88",77,23250,4.158,96682
0.492323485,30.43086056,330.147261,25.24945003,"19,147.83",78,260667,4.059,1057952
0.493385056,30.62629029,323.8725367,26.44483748,"19,555.77",79,190416,4.527,861924
0.510227646,29.40290151,332.8364124,44.70762941,"19,382.08",78,49769,4.49,223439
0.519379045,29.9800296,385.3200661,51.94703305,"19,953.40",72,53712,3.817,205033
0.529043194,28.8743198,421.6345189,44.47057272,"19,857.31",78,19789,4.164,82400
0.524151918,29.84779312,611.1968093,28.58705951,"19,600.37",69,60470,4.541,274616
0.429129791,28.93081833,704.4292315,15.87364374,"18,792.10",79,180713,4.254,768778
0.509679675,30.80164971,1098.529972,21.24578509,"18,367.02",75,81664,4.422,361116
0.544380998,30.0856208,1099.24708,74.26205842,"20,812.16",78,71412,4.948,353364
0.507530557,29.75956272,392.7371627,42.40577178,"19,551.09",76,55268,4.253,235041
0.524110242,30.44177524,394.8931874,20.00470871,"17,780.51",80,32874,4.337,142578
0.52961973,30.17808721,367.745425,47.69483055,"18,913.97",77,5578,2.397,13369
0.536041833,28.8729008,356.9272618,54.48725663,"18,635.44",73,25726,4.085,105080
0.496056781,28.46291069,351.1263082,39.15021948,"19,608.09",81,12747,4.567,58218
0.497120873,30.45718442,336.830456,30.82768957,"19,708.39",80,65702,4.532,297737
0.537943544,28.54881701,376.5529538,97.80215356,"21,169.29",80,7304,4.252,31053
0.468980361,35.23228986,368.312847,17.3319546,"19,087.29",81,131234,4.538,595565
0.519738423,29.77590483,486.6977804,46.71825305,"18,207.67",83,78654,3.96,311434
0.51550607,28.11032584,471.8506946,68.53851467,"19,978.71",79,24603,4.474,110066
0.444522234,30.09826551,663.6838328,23.92475408,"19,164.74",76,90747,4.733,429548
0.488486955,28.44422792,904.140049,32.31171785,"19,399.70",81,140666,4.491,631759
0.458340416,29.30779456,815.6837179,19.38474019,"18,777.83",82,221793,4.453,987656
0.510211454,30.75046752,962.2265647,28.66975258,"19,519.15",83,82268,3.318,272987
0.52519203,28.86220503,529.1875708,28.96618984,"19,303.43",79,169154,4.356,736806
0.49876431,30.48172714,734.7381444,23.44587676,"18,815.86",83,61567,4.046,249129
,,,,,,,,
,,,,,,,,
,,,,,,,,
,,,,,,,,
,,,,,,,,
,,,,,,,,
,,,,,,,,
,,,,,,,,
,,,,,,,,
,,,,,,,,
,,,,,,,,
,,,,,,,,
,,,,,,,,
,,,,,,,,
,,,,,,,,
,,,,,,,,
,,,,,,,,
,,,,,,,,
,,,,,,,,
,,,,,,,,
,,,,,,,,
,,,,,,,,
,,,,,,,,
,,,,,,,,
,,,,,,,,
,,,,,,,,
,,,,,,,,
,,,,,,,,
,,,,,,,,
,,,,,,,,
,,,,,,,,
,,,,,,,,
,,,,,,,,
,,,,,,,,
,,,,,,,,
,,,,,,,,
,,,,,,,,
,,,,,,,,
,,,,,,,,
,,,,,,,,
,,,,,,,,
,,,,,,,,
,,,,,,,,
,,,,,,,,
,,,,,,,,
,,,,,,,,
,,,,,,,,
,,,,,,,,
,,,,,,,,
,,,,,,,,
,,,,,,,,
,,,,,,,,
,,,,,,,,
,,,,,,,,
,,,,,,,,
,,,,,,,,
,,,,,,,,
,,,,,,,,
,,,,,,,,
,,,,,,,,
,,,,,,,,
,,,,,,,,
,,,,,,,,
,,,,,,,,
,,,,,,,,
,,,,,,,,
,,,,,,,,
,,,,,,,,
,,,,,,,,
,,,,,,,,
,,,,,,,,
,,,,,,,,
,,,,,,,,
,,,,,,,,
,,,,,,,,
,,,,,,,,
,,,,,,,,
,,,,,,,,
,,,,,,,,
,,,,,,,,
,,,,,,,,
,,,,,,,,
,,,,,,,,
,,,,,,,,
,,,,,,,,
,,,,,,,,
,,,,,,,,
,,,,,,,,
,,,,,,,,
,,,,,,,,
,,,,,,,,
,,,,,,,,
,,,,,,,,
,,,,,,,,
,,,,,,,,
,,,,,,,,
,,,,,,,,
,,,,,,,,
,,,,,,,,
,,,,,,,,
,,,,,,,,
,,,,,,,,
,,,,,,,,
,,,,,,,,
,,,,,,,,
,,,,,,,,
,,,,,,,,
,,,,,,,,
,,,,,,,,
,,,,,,,,
,,,,,,,,
,,,,,,,,
,,,,,,,,
,,,,,,,,
,,,,,,,,
,,,,,,,,
,,,,,,,,
,,,,,,,,
,,,,,,,,
,,,,,,,,
,,,,,,,,
,,,,,,,,
,,,,,,,,
,,,,,,,,
,,,,,,,,
,,,,,,,,
,,,,,,,,
,,,,,,,,
,,,,,,,,
,,,,,,,,
,,,,,,,,
,,,,,,,,
,,,,,,,,
,,,,,,,,
,,,,,,,,
,,,,,,,,
,,,,,,,,
,,,,,,,,
,,,,,,,,
,,,,,,,,
,,,,,,,,
,,,,,,,,
,,,,,,,,
,,,,,,,,
,,,,,,,,
,,,,,,,,
,,,,,,,,
,,,,,,,,
,,,,,,,,
,,,,,,,,
,,,,,,,,
,,,,,,,,
,,,,,,,,
,,,,,,,,
,,,,,,,,
,,,,,,,,
,,,,,,,,
,,,,,,,,
,,,,,,,,
,,,,,,,,
,,,,,,,,
,,,,,,,,
,,,,,,,,
,,,,,,,,
,,,,,,,,
,,,,,,,,
,,,,,,,,
,,,,,,,,
,,,,,,,,
,,,,,,,,
,,,,,,,,
,,,,,,,,
,,,,,,,,
,,,,,,,,
,,,,,,,,
,,,,,,,,
,,,,,,,,
,,,,,,,,
,,,,,,,,
,,,,,,,,
,,,,,,,,
,,,,,,,,
,,,,,,,,
,,,,,,,,
,,,,,,,,
,,,,,,,,
,,,,,,,,
,,,,,,,,
,,,,,,,,
,,,,,,,,
,,,,,,,,
,,,,,,,,
,,,,,,,,
,,,,,,,,
,,,,,,,,
,,,,,,,,
,,,,,,,,
,,,,,,,,
,,,,,,,,
,,,,,,,,
,,,,,,,,
,,,,,,,,
,,,,,,,,
,,,,,,,,
,,,,,,,,
,,,,,,,,
,,,,,,,,
,,,,,,,,
,,,,,,,,
,,,,,,,,
,,,,,,,,
,,,,,,,,
,,,,,,,,
,,,,,,,,
,,,,,,,,
,,,,,,,,
,,,,,,,,
,,,,,,,,
,,,,,,,,
,,,,,,,,
,,,,,,,,
,,,,,,,,
,,,,,,,,
,,,,,,,,
,,,,,,,,
,,,,,,,,
,,,,,,,,
,,,,,,,,
,,,,,,,,
,,,,,,,,
,,,,,,,,
,,,,,,,,
,,,,,,,,
,,,,,,,,
,,,,,,,,
,,,,,,,,
,,,,,,,,
,,,,,,,,
,,,,,,,,
,,,,,,,,
,,,,,,,,
,,,,,,,,
,,,,,,,,
,,,,,,,,
,,,,,,,,
,,,,,,,,
,,,,,,,,
,,,,,,,,
,,,,,,,,
,,,,,,,,
,,,,,,,,
,,,,,,,,
,,,,,,,,
,,,,,,,,
,,,,,,,,
,,,,,,,,
,,,,,,,,
,,,,,,,,
,,,,,,,,
,,,,,,,,
,,,,,,,,
,,,,,,,,
,,,,,,,,
,,,,,,,,
,,,,,,,,
,,,,,,,,
,,,,,,,,
,,,,,,,,
,,,,,,,,
,,,,,,,,
,,,,,,,,
,,,,,,,,
,,,,,,,,
,,,,,,,,
,,,,,,,,
,,,,,,,,
,,,,,,,,
,,,,,,,,
,,,,,,,,
,,,,,,,,
,,,,,,,,
,,,,,,,,
,,,,,,,,
,,,,,,,,
,,,,,,,,
,,,,,,,,
,,,,,,,,
,,,,,,,,
,,,,,,,,
,,,,,,,,
,,,,,,,,
,,,,,,,,
,,,,,,,,
,,,,,,,,
,,,,,,,,
,,,,,,,,
,,,,,,,,
,,,,,,,,
,,,,,,,,
,,,,,,,,
,,,,,,,,
,,,,,,,,
,,,,,,,,
,,,,,,,,
,,,,,,,,
,,,,,,,,
,,,,,,,,
,,,,,,,,
,,,,,,,,
,,,,,,,,
,,,,,,,,
,,,,,,,,
,,,,,,,,
,,,,,,,,
,,,,,,,,
,,,,,,,,
,,,,,,,,
,,,,,,,,
,,,,,,,,
,,,,,,,,
,,,,,,,,
,,,,,,,,
,,,,,,,,
,,,,,,,,
,,,,,,,,
,,,,,,,,
,,,,,,,,
,,,,,,,,
,,,,,,,,
,,,,,,,,
,,,,,,,,
,,,,,,,,
,,,,,,,,
,,,,,,,,
,,,,,,,,
,,,,,,,,
,,,,,,,,
,,,,,,,,
,,,,,,,,
,,,,,,,,
,,,,,,,,
,,,,,,,,
,,,,,,,,
,,,,,,,,
,,,,,,,,
,,,,,,,,
,,,,,,,,
,,,,,,,,
,,,,,,,,
,,,,,,,,
,,,,,,,,
,,,,,,,,
,,,,,,,,
,,,,,,,,
,,,,,,,,
,,,,,,,,
,,,,,,,,
,,,,,,,,
,,,,,,,,
,,,,,,,,
,,,,,,,,
,,,,,,,,
,,,,,,,,
,,,,,,,,
,,,,,,,,
,,,,,,,,
,,,,,,,,
,,,,,,,,
,,,,,,,,
,,,,,,,,
,,,,,,,,
,,,,,,,,
,,,,,,,,
,,,,,,,,
,,,,,,,,
,,,,,,,,
,,,,,,,,
,,,,,,,,
,,,,,,,,
,,,,,,,,
,,,,,,,,
,,,,,,,,
,,,,,,,,
,,,,,,,,
,,,,,,,,
,,,,,,,,
,,,,,,,,
,,,,,,,,
,,,,,,,,
,,,,,,,,
,,,,,,,,
,,,,,,,,
,,,,,,,,
,,,,,,,,
,,,,,,,,
,,,,,,,,
,,,,,,,,
,,,,,,,,
,,,,,,,,
,,,,,,,,
,,,,,,,,
,,,,,,,,
,,,,,,,,
,,,,,,,,
,,,,,,,,
,,,,,,,,
,,,,,,,,
,,,,,,,,
,,,,,,,,
,,,,,,,,
,,,,,,,,
,,,,,,,,
,,,,,,,,
,,,,,,,,
,,,,,,,,
,,,,,,,,
,,,,,,,,
,,,,,,,,
,,,,,,,,
,,,,,,,,
,,,,,,,,
,,,,,,,,
,,,,,,,,
,,,,,,,,
,,,,,,,,
,,,,,,,,
,,,,,,,,
,,,,,,,,
,,,,,,,,
,,,,,,,,
,,,,,,,,
,,,,,,,,
,,,,,,,,
,,,,,,,,
,,,,,,,,
,,,,,,,,
,,,,,,,,
,,,,,,,,
,,,,,,,,
,,,,,,,,
,,,,,,,,
,,,,,,,,
,,,,,,,,
,,,,,,,,
,,,,,,,,
,,,,,,,,
,,,,,,,,
,,,,,,,,
,,,,,,,,
,,,,,,,,
,,,,,,,,
,,,,,,,,
,,,,,,,,
,,,,,,,,
,,,,,,,,
,,,,,,,,
,,,,,,,,
,,,,,,,,
,,,,,,,,
,,,,,,,,
,,,,,,,,
,,,,,,,,
,,,,,,,,
,,,,,,,,
,,,,,,,,
,,,,,,,,
,,,,,,,,
,,,,,,,,
,,,,,,,,
,,,,,,,,
,,,,,,,,
,,,,,,,,
,,,,,,,,
,,,,,,,,
,,,,,,,,
,,,,,,,,
,,,,,,,,
,,,,,,,,
,,,,,,,,
,,,,,,,,
,,,,,,,,
,,,,,,,,
,,,,,,,,
,,,,,,,,
,,,,,,,,
,,,,,,,,
,,,,,,,,
,,,,,,,,
,,,,,,,,
,,,,,,,,
,,,,,,,,
,,,,,,,,
,,,,,,,,
,,,,,,,,
,,,,,,,,
,,,,,,,,
,,,,,,,,
,,,,,,,,
,,,,,,,,
,,,,,,,,
,,,,,,,,
,,,,,,,,
,,,,,,,,
,,,,,,,,
,,,,,,,,
,,,,,,,,
,,,,,,,,
,,,,,,,,
,,,,,,,,
,,,,,,,,
,,,,,,,,
,,,,,,,,
,,,,,,,,
,,,,,,,,
,,,,,,,,
,,,,,,,,
,,,,,,,,
,,,,,,,,
,,,,,,,,
,,,,,,,,
,,,,,,,,
,,,,,,,,
,,,,,,,,
,,,,,,,,
,,,,,,,,
,,,,,,,,
,,,,,,,,
,,,,,,,,
,,,,,,,,
,,,,,,,,
,,,,,,,,
,,,,,,,,
,,,,,,,,
,,,,,,,,
,,,,,,,,
,,,,,,,,
,,,,,,,,
,,,,,,,,
,,,,,,,,
,,,,,,,,
,,,,,,,,
,,,,,,,,
,,,,,,,,
,,,,,,,,
,,,,,,,,
,,,,,,,,
,,,,,,,,
,,,,,,,,
,,,,,,,,
,,,,,,,,
,,,,,,,,
,,,,,,,,
,,,,,,,,
,,,,,,,,
,,,,,,,,
,,,,,,,,
,,,,,,,,
,,,,,,,,
,,,,,,,,
,,,,,,,,
,,,,,,,,
,,,,,,,,
,,,,,,,,
,,,,,,,,
,,,,,,,,
,,,,,,,,
,,,,,,,,
,,,,,,,,
,,,,,,,,
,,,,,,,,
,,,,,,,,
,,,,,,,,
,,,,,,,,
,,,,,,,,
,,,,,,,,
,,,,,,,,
,,,,,,,,
,,,,,,,,
,,,,,,,,
,,,,,,,,
,,,,,,,,
,,,,,,,,
,,,,,,,,
,,,,,,,,
,,,,,,,,
,,,,,,,,
,,,,,,,,
,,,,,,,,
,,,,,,,,
,,,,,,,,
,,,,,,,,
,,,,,,,,
,,,,,,,,
,,,,,,,,
,,,,,,,,
,,,,,,,,
,,,,,,,,
,,,,,,,,
,,,,,,,,
,,,,,,,,
,,,,,,,,
,,,,,,,,
,,,,,,,,
,,,,,,,,
,,,,,,,,
,,,,,,,,
,,,,,,,,
,,,,,,,,
,,,,,,,,
,,,,,,,,
,,,,,,,,
,,,,,,,,
,,,,,,,,
,,,,,,,,
,,,,,,,,
,,,,,,,,
,,,,,,,,
,,,,,,,,
,,,,,,,,
,,,,,,,,
,,,,,,,,
,,,,,,,,
,,,,,,,,
,,,,,,,,
,,,,,,,,
,,,,,,,,
,,,,,,,,
,,,,,,,,
,,,,,,,,
,,,,,,,,
,,,,,,,,
,,,,,,,,
,,,,,,,,
,,,,,,,,
,,,,,,,,
,,,,,,,,
,,,,,,,,
,,,,,,,,
,,,,,,,,
,,,,,,,,
,,,,,,,,
,,,,,,,,
,,,,,,,,
,,,,,,,,
,,,,,,,,
,,,,,,,,
,,,,,,,,
,,,,,,,,
,,,,,,,,
,,,,,,,,
,,,,,,,,
,,,,,,,,
,,,,,,,,
,,,,,,,,
,,,,,,,,
,,,,,,,,
,,,,,,,,
,,,,,,,,
,,,,,,,,
,,,,,,,,
,,,,,,,,
,,,,,,,,
,,,,,,,,
,,,,,,,,
,,,,,,,,
,,,,,,,,
,,,,,,,,
,,,,,,,,
,,,,,,,,
,,,,,,,,
,,,,,,,,
,,,,,,,,
,,,,,,,,
,,,,,,,,
,,,,,,,,
,,,,,,,,
,,,,,,,,
,,,,,,,,
,,,,,,,,
,,,,,,,,
,,,,,,,,
,,,,,,,,
,,,,,,,,
,,,,,,,,
,,,,,,,,
,,,,,,,,
,,,,,,,,
,,,,,,,,
,,,,,,,,
,,,,,,,,
,,,,,,,,
,,,,,,,,
,,,,,,,,
,,,,,,,,
,,,,,,,,
,,,,,,,,
,,,,,,,,
,,,,,,,,
,,,,,,,,
,,,,,,,,
,,,,,,,,
,,,,,,,,
,,,,,,,,
,,,,,,,,
,,,,,,,,
,,,,,,,,
,,,,,,,,
,,,,,,,,
,,,,,,,,
,,,,,,,,
,,,,,,,,
,,,,,,,,
,,,,,,,,
,,,,,,,,
,,,,,,,,
,,,,,,,,
,,,,,,,,
,,,,,,,,
,,,,,,,,
,,,,,,,,
,,,,,,,,
,,,,,,,,
,,,,,,,,
,,,,,,,,
,,,,,,,,
,,,,,,,,
,,,,,,,,
,,,,,,,,
,,,,,,,,
,,,,,,,,
,,,,,,,,
,,,,,,,,
,,,,,,,,
,,,,,,,,
,,,,,,,,
,,,,,,,,
,,,,,,,,
,,,,,,,,
,,,,,,,,
,,,,,,,,
,,,,,,,,
,,,,,,,,
,,,,,,,,
,,,,,,,,
,,,,,,,,
,,,,,,,,
,,,,,,,,
,,,,,,,,
,,,,,,,,
,,,,,,,,
,,,,,,,,
,,,,,,,,
,,,,,,,,
,,,,,,,,
,,,,,,,,
,,,,,,,,
,,,,,,,,
,,,,,,,,
,,,,,,,,
,,,,,,,,
,,,,,,,,
,,,,,,,,
,,,,,,,,
,,,,,,,,
,,,,,,,,
,,,,,,,,
,,,,,,,,
,,,,,,,,
,,,,,,,,
,,,,,,,,
,,,,,,,,
,,,,,,,,
,,,,,,,,
,,,,,,,,
,,,,,,,,
,,,,,,,,
,,,,,,,,
,,,,,,,,
,,,,,,,,
,,,,,,,,
,,,,,,,,
,,,,,,,,
,,,,,,,,
,,,,,,,,
,,,,,,,,
,,,,,,,,
,,,,,,,,
,,,,,,,,
,,,,,,,,
,,,,,,,,
,,,,,,,,
,,,,,,,,
,,,,,,,,
,,,,,,,,
,,,,,,,,
,,,,,,,,
,,,,,,,,
,,,,,,,,
,,,,,,,,
,,,,,,,,
,,,,,,,,
,,,,,,,,
,,,,,,,,
,,,,,,,,
,,,,,,,,
,,,,,,,,
,,,,,,,,
,,,,,,,,
,,,,,,,,
,,,,,,,,
,,,,,,,,
,,,,,,,,
,,,,,,,,
,,,,,,,,
,,,,,,,,
,,,,,,,,
,,,,,,,,
,,,,,,,,
,,,,,,,,
,,,,,,,,
,,,,,,,,
,,,,,,,,
,,,,,,,,
,,,,,,,,
,,,,,,,,
,,,,,,,,
,,,,,,,,
,,,,,,,,
,,,,,,,,
,,,,,,,,
,,,,,,,,
,,,,,,,,
,,,,,,,,
,,,,,,,,
,,,,,,,,
,,,,,,,,
,,,,,,,,
,,,,,,,,
,,,,,,,,
,,,,,,,,
,,,,,,,,
,,,,,,,,
,,,,,,,,
,,,,,,,,
,,,,,,,,
,,,,,,,,
,,,,,,,,
,,,,,,,,
,,,,,,,,
,,,,,,,,
,,,,,,,,
,,,,,,,,
,,,,,,,,
,,,,,,,,
,,,,,,,,
,,,,,,,,
,,,,,,,,
,,,,,,,,
,,,,,,,,
,,,,,,,,
,,,,,,,,
,,,,,,,,
,,,,,,,,
,,,,,,,,
,,,,,,,,
,,,,,,,,
,,,,,,,,
,,,,,,,,
,,,,,,,,
,,,,,,,,
,,,,,,,,
,,,,,,,,
,,,,,,,,
,,,,,,,,
,,,,,,,,
,,,,,,,,
,,,,,,,,
,,,,,,,,
,,,,,,,,
,,,,,,,,
,,,,,,,,
,,,,,,,,
,,,,,,,,
,,,,,,,,
,,,,,,,,
,,,,,,,,
,,,,,,,,
,,,,,,,,
,,,,,,,,
,,,,,,,,
,,,,,,,,
,,,,,,,,
,,,,,,,,
,,,,,,,,
,,,,,,,,
,,,,,,,,
,,,,,,,,
,,,,,,,,
,,,,,,,,
,,,,,,,,
,,,,,,,,
,,,,,,,,
,,,,,,,,
,,,,,,,,
,,,,,,,,
,,,,,,,,
,,,,,,,,
,,,,,,,,
,,,,,,,,
,,,,,,,,
,,,,,,,,
,,,,,,,,
,,,,,,,,
,,,,,,,,
,,,,,,,,
,,,,,,,,
,,,,,,,,
,,,,,,,,
,,,,,,,,
,,,,,,,,
,,,,,,,,
,,,,,,,,
,,,,,,,,
,,,,,,,,
,,,,,,,,
,,,,,,,,
,,,,,,,,
,,,,,,,,
,,,,,,,,
,,,,,,,,
,,,,,,,,
,,,,,,,,
,,,,,,,,
,,,,,,,,
,,,,,,,,
,,,,,,,,
,,,,,,,,
,,,,,,,,
,,,,,,,,
,,,,,,,,
,,,,,,,,
,,,,,,,,
,,,,,,,,
,,,,,,,,
,,,,,,,,
,,,,,,,,
,,,,,,,,
,,,,,,,,
,,,,,,,,
,,,,,,,,
,,,,,,,,
,,,,,,,,
,,,,,,,,
,,,,,,,,
,,,,,,,,
,,,,,,,,
,,,,,,,,
,,,,,,,,
,,,,,,,,
,,,,,,,,
,,,,,,,,
,,,,,,,,
,,,,,,,,
,,,,,,,,
,,,,,,,,
,,,,,,,,
,,,,,,,,
,,,,,,,,
,,,,,,,,
,,,,,,,,
,,,,,,,,
,,,,,,,,
,,,,,,,,
,,,,,,,,
,,,,,,,,
,,,,,,,,
,,,,,,,,
,,,,,,,,
,,,,,,,,
,,,,,,,,
,,,,,,,,
,,,,,,,,
,,,,,,,,
,,,,,,,,
,,,,,,,,
,,,,,,,,
,,,,,,,,
,,,,,,,,
,,,,,,,,
,,,,,,,,
,,,,,,,,
,,,,,,,,
,,,,,,,,
,,,,,,,,
,,,,,,,,
,,,,,,,,
,,,,,,,,
,,,,,,,,
,,,,,,,,
,,,,,,,,
,,,,,,,,
,,,,,,,,
,,,,,,,,
,,,,,,,,
,,,,,,,,
,,,,,,,,
,,,,,,,,
,,,,,,,,
,,,,,,,,
,,,,,,,,
,,,,,,,,
,,,,,,,,
,,,,,,,,
,,,,,,,,
,,,,,,,,
,,,,,,,,
,,,,,,,,
,,,,,,,,
,,,,,,,,
,,,,,,,,
,,,,,,,,
,,,,,,,,
,,,,,,,,
,,,,,,,,
,,,,,,,,
,,,,,,,,
,,,,,,,,
,,,,,,,,
,,,,,,,,
,,,,,,,,
,,,,,,,,
,,,,,,,,
,,,,,,,,
,,,,,,,,
,,,,,,,,
,,,,,,,,
,,,,,,,,
,,,,,,,,
,,,,,,,,
,,,,,,,,
,,,,,,,,
,,,,,,,,
,,,,,,,,
,,,,,,,,
,,,,,,,,
,,,,,,,,
,,,,,,,,
,,,,,,,,
,,,,,,,,
,,,,,,,,
,,,,,,,,
,,,,,,,,
,,,,,,,,
,,,,,,,,
,,,,,,,,
,,,,,,,,
,,,,,,,,
,,,,,,,,
,,,,,,,,
,,,,,,,,
,,,,,,,,
,,,,,,,,
,,,,,,,,
,,,,,,,,
,,,,,,,,
,,,,,,,,
,,,,,,,,
,,,,,,,,
,,,,,,,,
,,,,,,,,
,,,,,,,,
,,,,,,,,
,,,,,,,,
,,,,,,,,
,,,,,,,,
,,,,,,,,
,,,,,,,,
,,,,,,,,
,,,,,,,,
,,,,,,,,
,,,,,,,,
,,,,,,,,
,,,,,,,,
,,,,,,,,
,,,,,,,,
,,,,,,,,
,,,,,,,,
,,,,,,,,
,,,,,,,,
,,,,,,,,
,,,,,,,,
,,,,,,,,
,,,,,,,,
,,,,,,,,
,,,,,,,,
,,,,,,,,
,,,,,,,,
,,,,,,,,
,,,,,,,,
,,,,,,,,
,,,,,,,,
,,,,,,,,
,,,,,,,,
,,,,,,,,
,,,,,,,,
,,,,,,,,
,,,,,,,,
,,,,,,,,
,,,,,,,,
,,,,,,,,
,,,,,,,,
,,,,,,,,
,,,,,,,,
,,,,,,,,
,,,,,,,,
,,,,,,,,
,,,,,,,,
,,,,,,,,
,,,,,,,,
,,,,,,,,
,,,,,,,,
,,,,,,,,
,,,,,,,,
,,,,,,,,
,,,,,,,,
,,,,,,,,
,,,,,,,,
,,,,,,,,
,,,,,,,,
,,,,,,,,
,,,,,,,,
,,,,,,,,
,,,,,,,,
,,,,,,,,
,,,,,,,,
,,,,,,,,
,,,,,,,,
,,,,,,,,
,,,,,,,,
,,,,,,,,
,,,,,,,,
,,,,,,,,
,,,,,,,,
,,,,,,,,
,,,,,,,,
,,,,,,,,
,,,,,,,,
,,,,,,,,
,,,,,,,,
,,,,,,,,
,,,,,,,,
,,,,,,,,
,,,,,,,,
,,,,,,,,
,,,,,,,,
,,,,,,,,
,,,,,,,,
,,,,,,,,
,,,,,,,,
,,,,,,,,
,,,,,,,,
,,,,,,,,
,,,,,,,,
,,,,,,,,
,,,,,,,,
,,,,,,,,
,,,,,,,,
,,,,,,,,
,,,,,,,,
,,,,,,,,
,,,,,,,,
,,,,,,,,
,,,,,,,,
,,,,,,,,
,,,,,,,,
,,,,,,,,
,,,,,,,,
,,,,,,,,
,,,,,,,,
,,,,,,,,
,,,,,,,,
,,,,,,,,
,,,,,,,,
,,,,,,,,
,,,,,,,,
,,,,,,,,
,,,,,,,,
,,,,,,,,
,,,,,,,,
,,,,,,,,
,,,,,,,,
,,,,,,,,
,,,,,,,,
,,,,,,,,
,,,,,,,,
,,,,,,,,
,,,,,,,,
,,,,,,,,
,,,,,,,,
,,,,,,,,
,,,,,,,,
,,,,,,,,
,,,,,,,,
,,,,,,,,
,,,,,,,,
,,,,,,,,
,,,,,,,,
,,,,,,,,
,,,,,,,,
,,,,,,,,
,,,,,,,,
,,,,,,,,
,,,,,,,,
,,,,,,,,
,,,,,,,,
,,,,,,,,
,,,,,,,,
,,,,,,,,
,,,,,,,,
,,,,,,,,
,,,,,,,,
,,,,,,,,
,,,,,,,,
,,,,,,,,
,,,,,,,,
,,,,,,,,
,,,,,,,,
,,,,,,,,
,,,,,,,,
,,,,,,,,
,,,,,,,,
,,,,,,,,
,,,,,,,,
,,,,,,,,
,,,,,,,,
,,,,,,,,
,,,,,,,,
,,,,,,,,
,,,,,,,,
,,,,,,,,
,,,,,,,,
,,,,,,,,
,,,,,,,,
,,,,,,,,
,,,,,,,,
,,,,,,,,
,,,,,,,,
,,,,,,,,
,,,,,,,,
,,,,,,,,
,,,,,,,,
,,,,,,,,
,,,,,,,,
,,,,,,,,
,,,,,,,,
,,,,,,,,
,,,,,,,,
,,,,,,,,
,,,,,,,,
,,,,,,,,
,,,,,,,,
,,,,,,,,
,,,,,,,,
,,,,,,,,
,,,,,,,,
,,,,,,,,
,,,,,,,,
,,,,,,,,
,,,,,,,,
,,,,,,,,
,,,,,,,,
,,,,,,,,
,,,,,,,,
,,,,,,,,
,,,,,,,,
,,,,,,,,
,,,,,,,,
,,,,,,,,
,,,,,,,,
,,,,,,,,
,,,,,,,,
,,,,,,,,
,,,,,,,,
,,,,,,,,
,,,,,,,,
,,,,,,,,
,,,,,,,,
,,,,,,,,
,,,,,,,,
,,,,,,,,
,,,,,,,,
,,,,,,,,
,,,,,,,,
,,,,,,,,
,,,,,,,,
,,,,,,,,
,,,,,,,,
,,,,,,,,
,,,,,,,,
,,,,,,,,
,,,,,,,,
,,,,,,,,
,,,,,,,,
,,,,,,,,
,,,,,,,,
,,,,,,,,
,,,,,,,,
,,,,,,,,
,,,,,,,,
,,,,,,,,
,,,,,,,,
,,,,,,,,
,,,,,,,,
,,,,,,,,
,,,,,,,,
,,,,,,,,
,,,,,,,,
,,,,,,,,
,,,,,,,,
,,,,,,,,
,,,,,,,,
,,,,,,,,
,,,,,,,,
,,,,,,,,
,,,,,,,,
,,,,,,,,
,,,,,,,,
,,,,,,,,
,,,,,,,,
,,,,,,,,
,,,,,,,,
,,,,,,,,
,,,,,,,,
,,,,,,,,
,,,,,,,,
,,,,,,,,
,,,,,,,,
,,,,,,,,
,,,,,,,,
,,,,,,,,
,,,,,,,,
,,,,,,,,
,,,,,,,,
,,,,,,,,
,,,,,,,,
,,,,,,,,
,,,,,,,,
,,,,,,,,
,,,,,,,,
,,,,,,,,
,,,,,,,,
,,,,,,,,
,,,,,,,,
,,,,,,,,
,,,,,,,,
,,,,,,,,
,,,,,,,,
,,,,,,,,
,,,,,,,,
,,,,,,,,
,,,,,,,,
,,,,,,,,
,,,,,,,,
,,,,,,,,
,,,,,,,,
,,,,,,,,
,,,,,,,,
,,,,,,,,
,,,,,,,,
,,,,,,,,
,,,,,,,,
,,,,,,,,
,,,,,,,,
,,,,,,,,
,,,,,,,,
,,,,,,,,
,,,,,,,,
,,,,,,,,
,,,,,,,,
,,,,,,,,
,,,,,,,,
,,,,,,,,
,,,,,,,,
,,,,,,,,
,,,,,,,,
,,,,,,,,
,,,,,,,,
,,,,,,,,
,,,,,,,,
,,,,,,,,
,,,,,,,,
,,,,,,,,
,,,,,,,,
,,,,,,,,
,,,,,,,,
,,,,,,,,
,,,,,,,,
,,,,,,,,
,,,,,,,,
,,,,,,,,
,,,,,,,,
,,,,,,,,
,,,,,,,,
,,,,,,,,
,,,,,,,,
,,,,,,,,
,,,,,,,,
,,,,,,,,
,,,,,,,,
,,,,,,,,
,,,,,,,,
,,,,,,,,
,,,,,,,,
,,,,,,,,
,,,,,,,,
,,,,,,,,
,,,,,,,,
,,,,,,,,
,,,,,,,,
,,,,,,,,
,,,,,,,,
,,,,,,,,
,,,,,,,,
,,,,,,,,
,,,,,,,,
,,,,,,,,
,,,,,,,,
,,,,,,,,
,,,,,,,,
,,,,,,,,
,,,,,,,,
,,,,,,,,
,,,,,,,,
,,,,,,,,
,,,,,,,,
,,,,,,,,
,,,,,,,,
,,,,,,,,
,,,,,,,,
,,,,,,,,
,,,,,,,,
,,,,,,,,
,,,,,,,,
,,,,,,,,
,,,,,,,,
,,,,,,,,
,,,,,,,,
,,,,,,,,
,,,,,,,,
,,,,,,,,
,,,,,,,,
,,,,,,,,
,,,,,,,,
,,,,,,,,
,,,,,,,,
,,,,,,,,
,,,,,,,,
,,,,,,,,
,,,,,,,,
,,,,,,,,
,,,,,,,,
,,,,,,,,
,,,,,,,,
,,,,,,,,
,,,,,,,,
,,,,,,,,
,,,,,,,,
,,,,,,,,
,,,,,,,,
,,,,,,,,
,,,,,,,,
,,,,,,,,
,,,,,,,,
,,,,,,,,
,,,,,,,,
,,,,,,,,
,,,,,,,,
,,,,,,,,
,,,,,,,,
,,,,,,,,
,,,,,,,,
,,,,,,,,
,,,,,,,,
,,,,,,,,
,,,,,,,,
,,,,,,,,
,,,,,,,,
,,,,,,,,
,,,,,,,,
,,,,,,,,
,,,,,,,,
,,,,,,,,
,,,,,,,,
,,,,,,,,
,,,,,,,,
,,,,,,,,
,,,,,,,,
,,,,,,,,
,,,,,,,,
,,,,,,,,
,,,,,,,,
,,,,,,,,
,,,,,,,,
,,,,,,,,
,,,,,,,,
,,,,,,,,
,,,,,,,,
,,,,,,,,
,,,,,,,,
,,,,,,,,
,,,,,,,,
,,,,,,,,
,,,,,,,,
,,,,,,,,
,,,,,,,,
,,,,,,,,
,,,,,,,,
,,,,,,,,
,,,,,,,,
,,,,,,,,
,,,,,,,,
,,,,,,,,
,,,,,,,,
,,,,,,,,
,,,,,,,,
,,,,,,,,
,,,,,,,,
,,,,,,,,
,,,,,,,,
,,,,,,,,
,,,,,,,,
,,,,,,,,
,,,,,,,,
,,,,,,,,
,,,,,,,,
,,,,,,,,
,,,,,,,,
,,,,,,,,
,,,,,,,,
,,,,,,,,
,,,,,,,,
,,,,,,,,
,,,,,,,,
,,,,,,,,
,,,,,,,,
,,,,,,,,
,,,,,,,,
,,,,,,,,
,,,,,,,,
,,,,,,,,
,,,,,,,,
,,,,,,,,
,,,,,,,,
,,,,,,,,
,,,,,,,,
,,,,,,,,
,,,,,,,,
,,,,,,,,
,,,,,,,,
,,,,,,,,
,,,,,,,,
,,,,,,,,
,,,,,,,,
,,,,,,,,
,,,,,,,,
,,,,,,,,
,,,,,,,,
,,,,,,,,
,,,,,,,,
,,,,,,,,
,,,,,,,,
,,,,,,,,
,,,,,,,,
,,,,,,,,
,,,,,,,,
,,,,,,,,
,,,,,,,,
,,,,,,,,
,,,,,,,,
,,,,,,,,
,,,,,,,,
,,,,,,,,
,,,,,,,,
,,,,,,,,
,,,,,,,,
,,,,,,,,
,,,,,,,,
,,,,,,,,
,,,,,,,,
,,,,,,,,
,,,,,,,,
,,,,,,,,
,,,,,,,,
,,,,,,,,
,,,,,,,,
,,,,,,,,
,,,,,,,,
,,,,,,,,
,,,,,,,,
,,,,,,,,
,,,,,,,,
,,,,,,,,
,,,,,,,,
,,,,,,,,
,,,,,,,,
,,,,,,,,
,,,,,,,,
,,,,,,,,
,,,,,,,,
,,,,,,,,
,,,,,,,,
,,,,,,,,
,,,,,,,,
,,,,,,,,
,,,,,,,,
,,,,,,,,
,,,,,,,,
,,,,,,,,
,,,,,,,,
,,,,,,,,
,,,,,,,,
,,,,,,,,
,,,,,,,,
,,,,,,,,
,,,,,,,,
,,,,,,,,
,,,,,,,,
,,,,,,,,
,,,,,,,,
,,,,,,,,
,,,,,,,,
,,,,,,,,
,,,,,,,,
,,,,,,,,
,,,,,,,,
,,,,,,,,
,,,,,,,,
,,,,,,,,
,,,,,,,,
,,,,,,,,
,,,,,,,,
,,,,,,,,
,,,,,,,,
,,,,,,,,
,,,,,,,,
,,,,,,,,
,,,,,,,,
,,,,,,,,
,,,,,,,,
,,,,,,,,
,,,,,,,,
,,,,,,,,
,,,,,,,,
,,,,,,,,
,,,,,,,,
,,,,,,,,
,,,,,,,,
,,,,,,,,
,,,,,,,,
,,,,,,,,
,,,,,,,,
,,,,,,,,
,,,,,,,,
,,,,,,,,
,,,,,,,,
,,,,,,,,
,,,,,,,,
,,,,,,,,
,,,,,,,,
,,,,,,,,
,,,,,,,,
,,,,,,,,
,,,,,,,,
,,,,,,,,
,,,,,,,,
,,,,,,,,
,,,,,,,,
,,,,,,,,
,,,,,,,,
,,,,,,,,
,,,,,,,,
,,,,,,,,
,,,,,,,,
,,,,,,,,
,,,,,,,,
,,,,,,,,
,,,,,,,,
,,,,,,,,
,,,,,,,,
,,,,,,,,
,,,,,,,,
,,,,,,,,
,,,,,,,,
,,,,,,,,
,,,,,,,,
,,,,,,,,
,,,,,,,,
,,,,,,,,
,,,,,,,,
,,,,,,,,
,,,,,,,,
,,,,,,,,
,,,,,,,,
,,,,,,,,
,,,,,,,,
,,,,,,,,
,,,,,,,,
,,,,,,,,
,,,,,,,,
,,,,,,,,
,,,,,,,,
,,,,,,,,
,,,,,,,,
,,,,,,,,
,,,,,,,,
,,,,,,,,
,,,,,,,,
,,,,,,,,
,,,,,,,,
,,,,,,,,
,,,,,,,,
,,,,,,,,
,,,,,,,,
,,,,,,,,
,,,,,,,,
,,,,,,,,
,,,,,,,,
,,,,,,,,
,,,,,,,,
,,,,,,,,
,,,,,,,,
,,,,,,,,
,,,,,,,,
,,,,,,,,
,,,,,,,,
,,,,,,,,
,,,,,,,,
,,,,,,,,
,,,,,,,,
,,,,,,,,
,,,,,,,,
,,,,,,,,
,,,,,,,,
,,,,,,,,
,,,,,,,,
,,,,,,,,
,,,,,,,,
,,,,,,,,
,,,,,,,,
,,,,,,,,
,,,,,,,,
,,,,,,,,
,,,,,,,,
,,,,,,,,
,,,,,,,,
,,,,,,,,
,,,,,,,,
,,,,,,,,
,,,,,,,,
,,,,,,,,
,,,,,,,,
,,,,,,,,
,,,,,,,,
,,,,,,,,
,,,,,,,,
,,,,,,,,
,,,,,,,,
,,,,,,,,
